#1 [internal] load local bake definitions
#1 reading from stdin 800B done
#1 DONE 0.0s

#2 [internal] load build definition from Dockerfile
#2 transferring dockerfile: 1.17kB done
#2 DONE 0.1s

#3 [internal] load metadata for docker.io/library/python:3.12-slim
#3 DONE 0.7s

#4 [1/5] FROM docker.io/library/python:3.12-slim@sha256:090ba77e2958f6af52a5341f788b50b032dd4ca28377d2893dcf1ecbdfdfe203
#4 resolve docker.io/library/python:3.12-slim@sha256:090ba77e2958f6af52a5341f788b50b032dd4ca28377d2893dcf1ecbdfdfe203 0.0s done
#4 CACHED

#5 [2/5] RUN apt-get update     && apt-get install -y --no-install-recommends build-essential ffmpeg git libsndfile1     && rm -rf /var/lib/apt/lists/*
#5 0.337 Hit:1 http://deb.debian.org/debian trixie InRelease
#5 0.346 Get:2 http://deb.debian.org/debian trixie-updates InRelease [47.3 kB]
#5 0.393 Get:3 http://deb.debian.org/debian-security trixie-security InRelease [43.4 kB]
#5 0.428 Get:4 http://deb.debian.org/debian trixie/main amd64 Packages [9671 kB]
#5 1.262 Get:5 http://deb.debian.org/debian trixie-updates/main amd64 Packages [5412 B]
#5 1.287 Get:6 http://deb.debian.org/debian-security trixie-security/main amd64 Packages [199 kB]
#5 1.738 Fetched 9967 kB in 1s (6748 kB/s)
#5 1.738 Reading package lists...
#5 2.149 Reading package lists...
#5 2.551 Building dependency tree...
#5 2.675 Reading state information...
#5 2.810 The following additional packages will be installed:
#5 2.810   binutils binutils-common binutils-x86-64-linux-gnu bzip2 cpp cpp-14
#5 2.810   cpp-14-x86-64-linux-gnu cpp-x86-64-linux-gnu dpkg-dev fontconfig
#5 2.810   fontconfig-config fonts-dejavu-core fonts-dejavu-mono g++ g++-14
#5 2.810   g++-14-x86-64-linux-gnu g++-x86-64-linux-gnu gcc gcc-14
#5 2.810   gcc-14-x86-64-linux-gnu gcc-x86-64-linux-gnu git-man libaom3 libasan8
#5 2.810   libasound2-data libasound2t64 libass9 libasyncns0 libatomic1 libavc1394-0
#5 2.810   libavcodec61 libavdevice61 libavfilter10 libavformat61 libavutil59
#5 2.810   libbinutils libblas3 libbluray2 libbrotli1 libbs2b0 libc-dev-bin libc6-dev
#5 2.810   libcaca0 libcairo-gobject2 libcairo2 libcc1-0 libcdio-cdda2t64
#5 2.810   libcdio-paranoia2t64 libcdio19t64 libchromaprint1 libcjson1 libcodec2-1.2
#5 2.810   libcom-err2 libcrypt-dev libctf-nobfd0 libctf0 libcurl3t64-gnutls libdatrie1
#5 2.810   libdav1d7 libdbus-1-3 libdc1394-25 libdecor-0-0 libdeflate0 libdpkg-perl
#5 2.810   libdrm-amdgpu1 libdrm-common libdrm-intel1 libdrm2 libdvdnav4 libdvdread8t64
#5 2.810   libedit2 libelf1t64 liberror-perl libexpat1 libfftw3-double3 libflac14
#5 2.810   libflite1 libfontconfig1 libfreetype6 libfribidi0 libgbm1 libgcc-14-dev
#5 2.810   libgdbm-compat4t64 libgdk-pixbuf-2.0-0 libgdk-pixbuf2.0-common libgfortran5
#5 2.810   libgl1 libgl1-mesa-dri libglib2.0-0t64 libglvnd0 libglx-mesa0 libglx0
#5 2.810   libgme0 libgnutls30t64 libgomp1 libgprofng0 libgraphite2-3 libgsm1
#5 2.810   libgssapi-krb5-2 libharfbuzz0b libhwasan0 libhwy1t64 libidn2-0 libiec61883-0
#5 2.810   libisl23 libitm1 libjack-jackd2-0 libjansson4 libjbig0 libjpeg62-turbo
#5 2.810   libjxl0.11 libk5crypto3 libkeyutils1 libkrb5-3 libkrb5support0 liblapack3
#5 2.810   liblcms2-2 libldap2 liblerc4 liblilv-0-0 libllvm19 liblsan0 libmbedcrypto16
#5 2.810   libmp3lame0 libmpc3 libmpfr6 libmpg123-0t64 libmysofa1 libnghttp2-14
#5 2.810   libnghttp3-9 libngtcp2-16 libngtcp2-crypto-gnutls8 libnorm1t64 libnuma1
#5 2.811   libogg0 libopenal-data libopenal1 libopenjp2-7 libopenmpt0t64 libopus0
#5 2.811   libp11-kit0 libpango-1.0-0 libpangocairo-1.0-0 libpangoft2-1.0-0
#5 2.811   libpciaccess0 libperl5.40 libpgm-5.3-0t64 libpixman-1-0 libplacebo349
#5 2.811   libpng16-16t64 libpocketsphinx3 libpostproc58 libpsl5t64 libpulse0
#5 2.811   libquadmath0 librabbitmq4 librav1e0.7 libraw1394-11 librist4 librsvg2-2
#5 2.812   librtmp1 librubberband2 libsamplerate0 libsasl2-2 libsasl2-modules-db
#5 2.812   libsdl2-2.0-0 libsensors-config libsensors5 libserd-0-0 libsframe1
#5 2.812   libsharpyuv0 libshine3 libslang2 libsnappy1v5 libsodium23 libsord-0-0
#5 2.812   libsoxr0 libspeex1 libsphinxbase3t64 libsratom-0-0 libsrt1.5-gnutls libssh-4
#5 2.812   libssh2-1t64 libstdc++-14-dev libsvtav1enc2 libswresample5 libswscale8
#5 2.812   libtasn1-6 libthai-data libthai0 libtheoradec1 libtheoraenc1 libtiff6
#5 2.812   libtsan2 libtwolame0 libubsan1 libudfread0 libunibreak6 libunistring5
#5 2.812   libusb-1.0-0 libva-drm2 libva-x11-2 libva2 libvdpau1 libvidstab1.1
#5 2.812   libvorbis0a libvorbisenc2 libvorbisfile3 libvpl2 libvpx9 libvulkan1
#5 2.812   libwayland-client0 libwayland-cursor0 libwayland-egl1 libwayland-server0
#5 2.812   libwebp7 libwebpmux3 libx11-6 libx11-data libx11-xcb1 libx264-164
#5 2.812   libx265-215 libxau6 libxcb-dri3-0 libxcb-glx0 libxcb-present0 libxcb-randr0
#5 2.812   libxcb-render0 libxcb-shape0 libxcb-shm0 libxcb-sync1 libxcb-xfixes0 libxcb1
#5 2.812   libxcursor1 libxdmcp6 libxext6 libxfixes3 libxi6 libxkbcommon0 libxml2
#5 2.812   libxrandr2 libxrender1 libxshmfence1 libxss1 libxv1 libxvidcore4 libxxf86vm1
#5 2.812   libz3-4 libzimg2 libzix-0-0 libzmq5 libzvbi-common libzvbi0t64
#5 2.813   linux-libc-dev make mesa-libgallium ocl-icd-libopencl1 patch perl
#5 2.813   perl-modules-5.40 rpcsvc-proto shared-mime-info x11-common xkb-data xz-utils
#5 2.814 Suggested packages:
#5 2.814   binutils-doc gprofng-gui binutils-gold bzip2-doc cpp-doc gcc-14-locales
#5 2.814   cpp-14-doc debian-keyring debian-tag2upload-keyring ffmpeg-doc g++-multilib
#5 2.814   g++-14-multilib gcc-14-doc gcc-multilib manpages-dev autoconf automake
#5 2.814   libtool flex bison gdb gcc-doc gcc-14-multilib gdb-x86-64-linux-gnu
#5 2.814   gettext-base git-doc git-email git-gui gitk gitweb git-cvs git-mediawiki
#5 2.814   git-svn alsa-utils libasound2-plugins libcuda1 libnvcuvid1 libnvidia-encode1
#5 2.814   libbluray-bdj libc-devtools glibc-doc sq | sqop | rsop | gosop
#5 2.814   | pgpainless-cli | gpg-sq | gnupg sensible-utils bzr libdvdcss2 libfftw3-bin
#5 2.814   libfftw3-dev low-memory-monitor gnutls-bin krb5-doc krb5-user jackd2
#5 2.814   liblcms2-utils libportaudio2 libsndio7.0 opus-tools pciutils pulseaudio
#5 2.814   libraw1394-doc librsvg2-bin xdg-utils lm-sensors serdi sordi speex
#5 2.814   libstdc++-14-doc make-doc opencl-icd ed diffutils-doc perl-doc
#5 2.814   libterm-readline-gnu-perl | libterm-readline-perl-perl
#5 2.814   libtap-harness-archive-perl
#5 2.814 Recommended packages:
#5 2.814   fakeroot sq | sqop | rsop | gosop | pgpainless-cli | gpg-sq | gnupg
#5 2.814   libalgorithm-merge-perl less ssh-client alsa-ucm-conf alsa-topology-conf
#5 2.814   libaacs0 manpages manpages-dev dbus default-libdecor-0-plugin-1
#5 2.814   | libdecor-0-plugin-1 libfile-fcntllock-perl liblocale-gettext-perl
#5 2.814   libgdk-pixbuf2.0-bin libglib2.0-data xdg-user-dirs krb5-locales
#5 2.814   libldap-common pocketsphinx-en-us publicsuffix librsvg2-common
#5 2.814   libsasl2-modules va-driver-all | va-driver vdpau-driver-all | vdpau-driver
#5 2.814   mesa-vulkan-drivers | vulkan-icd
#5 3.566 The following NEW packages will be installed:
#5 3.566   binutils binutils-common binutils-x86-64-linux-gnu build-essential bzip2 cpp
#5 3.566   cpp-14 cpp-14-x86-64-linux-gnu cpp-x86-64-linux-gnu dpkg-dev ffmpeg
#5 3.566   fontconfig fontconfig-config fonts-dejavu-core fonts-dejavu-mono g++ g++-14
#5 3.566   g++-14-x86-64-linux-gnu g++-x86-64-linux-gnu gcc gcc-14
#5 3.566   gcc-14-x86-64-linux-gnu gcc-x86-64-linux-gnu git git-man libaom3 libasan8
#5 3.566   libasound2-data libasound2t64 libass9 libasyncns0 libatomic1 libavc1394-0
#5 3.566   libavcodec61 libavdevice61 libavfilter10 libavformat61 libavutil59
#5 3.566   libbinutils libblas3 libbluray2 libbrotli1 libbs2b0 libc-dev-bin libc6-dev
#5 3.566   libcaca0 libcairo-gobject2 libcairo2 libcc1-0 libcdio-cdda2t64
#5 3.566   libcdio-paranoia2t64 libcdio19t64 libchromaprint1 libcjson1 libcodec2-1.2
#5 3.566   libcom-err2 libcrypt-dev libctf-nobfd0 libctf0 libcurl3t64-gnutls libdatrie1
#5 3.566   libdav1d7 libdbus-1-3 libdc1394-25 libdecor-0-0 libdeflate0 libdpkg-perl
#5 3.566   libdrm-amdgpu1 libdrm-common libdrm-intel1 libdrm2 libdvdnav4 libdvdread8t64
#5 3.566   libedit2 libelf1t64 liberror-perl libexpat1 libfftw3-double3 libflac14
#5 3.566   libflite1 libfontconfig1 libfreetype6 libfribidi0 libgbm1 libgcc-14-dev
#5 3.566   libgdbm-compat4t64 libgdk-pixbuf-2.0-0 libgdk-pixbuf2.0-common libgfortran5
#5 3.566   libgl1 libgl1-mesa-dri libglib2.0-0t64 libglvnd0 libglx-mesa0 libglx0
#5 3.567   libgme0 libgnutls30t64 libgomp1 libgprofng0 libgraphite2-3 libgsm1
#5 3.567   libgssapi-krb5-2 libharfbuzz0b libhwasan0 libhwy1t64 libidn2-0 libiec61883-0
#5 3.567   libisl23 libitm1 libjack-jackd2-0 libjansson4 libjbig0 libjpeg62-turbo
#5 3.567   libjxl0.11 libk5crypto3 libkeyutils1 libkrb5-3 libkrb5support0 liblapack3
#5 3.567   liblcms2-2 libldap2 liblerc4 liblilv-0-0 libllvm19 liblsan0 libmbedcrypto16
#5 3.567   libmp3lame0 libmpc3 libmpfr6 libmpg123-0t64 libmysofa1 libnghttp2-14
#5 3.567   libnghttp3-9 libngtcp2-16 libngtcp2-crypto-gnutls8 libnorm1t64 libnuma1
#5 3.567   libogg0 libopenal-data libopenal1 libopenjp2-7 libopenmpt0t64 libopus0
#5 3.567   libp11-kit0 libpango-1.0-0 libpangocairo-1.0-0 libpangoft2-1.0-0
#5 3.567   libpciaccess0 libperl5.40 libpgm-5.3-0t64 libpixman-1-0 libplacebo349
#5 3.567   libpng16-16t64 libpocketsphinx3 libpostproc58 libpsl5t64 libpulse0
#5 3.567   libquadmath0 librabbitmq4 librav1e0.7 libraw1394-11 librist4 librsvg2-2
#5 3.567   librtmp1 librubberband2 libsamplerate0 libsasl2-2 libsasl2-modules-db
#5 3.567   libsdl2-2.0-0 libsensors-config libsensors5 libserd-0-0 libsframe1
#5 3.567   libsharpyuv0 libshine3 libslang2 libsnappy1v5 libsndfile1 libsodium23
#5 3.567   libsord-0-0 libsoxr0 libspeex1 libsphinxbase3t64 libsratom-0-0
#5 3.568   libsrt1.5-gnutls libssh-4 libssh2-1t64 libstdc++-14-dev libsvtav1enc2
#5 3.568   libswresample5 libswscale8 libtasn1-6 libthai-data libthai0 libtheoradec1
#5 3.568   libtheoraenc1 libtiff6 libtsan2 libtwolame0 libubsan1 libudfread0
#5 3.568   libunibreak6 libunistring5 libusb-1.0-0 libva-drm2 libva-x11-2 libva2
#5 3.568   libvdpau1 libvidstab1.1 libvorbis0a libvorbisenc2 libvorbisfile3 libvpl2
#5 3.568   libvpx9 libvulkan1 libwayland-client0 libwayland-cursor0 libwayland-egl1
#5 3.568   libwayland-server0 libwebp7 libwebpmux3 libx11-6 libx11-data libx11-xcb1
#5 3.568   libx264-164 libx265-215 libxau6 libxcb-dri3-0 libxcb-glx0 libxcb-present0
#5 3.568   libxcb-randr0 libxcb-render0 libxcb-shape0 libxcb-shm0 libxcb-sync1
#5 3.568   libxcb-xfixes0 libxcb1 libxcursor1 libxdmcp6 libxext6 libxfixes3 libxi6
#5 3.568   libxkbcommon0 libxml2 libxrandr2 libxrender1 libxshmfence1 libxss1 libxv1
#5 3.568   libxvidcore4 libxxf86vm1 libz3-4 libzimg2 libzix-0-0 libzmq5 libzvbi-common
#5 3.568   libzvbi0t64 linux-libc-dev make mesa-libgallium ocl-icd-libopencl1 patch
#5 3.568   perl perl-modules-5.40 rpcsvc-proto shared-mime-info x11-common xkb-data
#5 3.568   xz-utils
#5 3.654 0 upgraded, 269 newly installed, 0 to remove and 0 not upgraded.
#5 3.654 Need to get 228 MB of archives.
#5 3.654 After this operation, 858 MB of additional disk space will be used.
#5 3.654 Get:1 http://deb.debian.org/debian trixie/main amd64 libexpat1 amd64 2.7.1-2 [108 kB]
#5 2.814 Get:2 http://deb.debian.org/debian trixie/main amd64 bzip2 amd64 1.0.8-6 [40.5 kB]
#5 2.819 Get:3 http://deb.debian.org/debian trixie/main amd64 perl-modules-5.40 all 5.40.1-6 [3019 kB]
#5 1.467 Get:4 http://deb.debian.org/debian trixie/main amd64 libgdbm-compat4t64 amd64 1.24-2 [50.3 kB]
#5 1.470 Get:5 http://deb.debian.org/debian trixie/main amd64 libperl5.40 amd64 5.40.1-6 [4341 kB]
#5 1.820 Get:6 http://deb.debian.org/debian trixie/main amd64 perl amd64 5.40.1-6 [267 kB]
#5 1.841 Get:7 http://deb.debian.org/debian trixie/main amd64 xz-utils amd64 5.8.1-1 [660 kB]
#5 1.894 Get:8 http://deb.debian.org/debian trixie/main amd64 libsframe1 amd64 2.44-3 [78.4 kB]
#5 1.899 Get:9 http://deb.debian.org/debian trixie/main amd64 binutils-common amd64 2.44-3 [2509 kB]
#5 2.106 Get:10 http://deb.debian.org/debian trixie/main amd64 libbinutils amd64 2.44-3 [534 kB]
#5 2.148 Get:11 http://deb.debian.org/debian trixie/main amd64 libgprofng0 amd64 2.44-3 [808 kB]
#5 2.214 Get:12 http://deb.debian.org/debian trixie/main amd64 libctf-nobfd0 amd64 2.44-3 [156 kB]
#5 2.227 Get:13 http://deb.debian.org/debian trixie/main amd64 libctf0 amd64 2.44-3 [88.6 kB]
#5 2.234 Get:14 http://deb.debian.org/debian trixie/main amd64 libjansson4 amd64 2.14-2+b3 [39.8 kB]
#5 2.237 Get:15 http://deb.debian.org/debian trixie/main amd64 binutils-x86-64-linux-gnu amd64 2.44-3 [1014 kB]
#5 2.318 Get:16 http://deb.debian.org/debian trixie/main amd64 binutils amd64 2.44-3 [265 kB]
#5 2.339 Get:17 http://deb.debian.org/debian trixie/main amd64 libc-dev-bin amd64 2.41-12+deb13u3 [59.8 kB]
#5 2.343 Get:18 http://deb.debian.org/debian-security trixie-security/main amd64 linux-libc-dev all 6.12.90-2 [2813 kB]
#5 2.563 Get:19 http://deb.debian.org/debian trixie/main amd64 libcrypt-dev amd64 1:4.4.38-1 [119 kB]
#5 2.573 Get:20 http://deb.debian.org/debian trixie/main amd64 rpcsvc-proto amd64 1.4.3-1 [63.3 kB]
#5 2.579 Get:21 http://deb.debian.org/debian trixie/main amd64 libc6-dev amd64 2.41-12+deb13u3 [1992 kB]
#5 2.732 Get:22 http://deb.debian.org/debian trixie/main amd64 libisl23 amd64 0.27-1 [659 kB]
#5 2.787 Get:23 http://deb.debian.org/debian trixie/main amd64 libmpfr6 amd64 4.2.2-1 [729 kB]
#5 2.843 Get:24 http://deb.debian.org/debian trixie/main amd64 libmpc3 amd64 1.3.1-1+b3 [52.2 kB]
#5 2.846 Get:25 http://deb.debian.org/debian trixie/main amd64 cpp-14-x86-64-linux-gnu amd64 14.2.0-19 [11.0 MB]
#5 3.749 Get:26 http://deb.debian.org/debian trixie/main amd64 cpp-14 amd64 14.2.0-19 [1280 B]
#5 3.749 Get:27 http://deb.debian.org/debian trixie/main amd64 cpp-x86-64-linux-gnu amd64 4:14.2.0-1 [4840 B]
#5 3.750 Get:28 http://deb.debian.org/debian trixie/main amd64 cpp amd64 4:14.2.0-1 [1568 B]
#5 3.750 Get:29 http://deb.debian.org/debian trixie/main amd64 libcc1-0 amd64 14.2.0-19 [42.8 kB]
#5 3.751 Get:30 http://deb.debian.org/debian trixie/main amd64 libgomp1 amd64 14.2.0-19 [137 kB]
#5 3.763 Get:31 http://deb.debian.org/debian trixie/main amd64 libitm1 amd64 14.2.0-19 [26.0 kB]
#5 3.765 Get:32 http://deb.debian.org/debian trixie/main amd64 libatomic1 amd64 14.2.0-19 [9308 B]
#5 3.765 Get:33 http://deb.debian.org/debian trixie/main amd64 libasan8 amd64 14.2.0-19 [2725 kB]
#5 3.989 Get:34 http://deb.debian.org/debian trixie/main amd64 liblsan0 amd64 14.2.0-19 [1204 kB]
#5 4.084 Get:35 http://deb.debian.org/debian trixie/main amd64 libtsan2 amd64 14.2.0-19 [2460 kB]
#5 4.283 Get:36 http://deb.debian.org/debian trixie/main amd64 libubsan1 amd64 14.2.0-19 [1074 kB]
#5 4.372 Get:37 http://deb.debian.org/debian trixie/main amd64 libhwasan0 amd64 14.2.0-19 [1488 kB]
#5 4.494 Get:38 http://deb.debian.org/debian trixie/main amd64 libquadmath0 amd64 14.2.0-19 [145 kB]
#5 4.505 Get:39 http://deb.debian.org/debian trixie/main amd64 libgcc-14-dev amd64 14.2.0-19 [2672 kB]
#5 4.725 Get:40 http://deb.debian.org/debian trixie/main amd64 gcc-14-x86-64-linux-gnu amd64 14.2.0-19 [21.4 MB]
#5 6.449 Get:41 http://deb.debian.org/debian trixie/main amd64 gcc-14 amd64 14.2.0-19 [540 kB]
#5 6.487 Get:42 http://deb.debian.org/debian trixie/main amd64 gcc-x86-64-linux-gnu amd64 4:14.2.0-1 [1436 B]
#5 6.487 Get:43 http://deb.debian.org/debian trixie/main amd64 gcc amd64 4:14.2.0-1 [5136 B]
#5 6.487 Get:44 http://deb.debian.org/debian trixie/main amd64 libstdc++-14-dev amd64 14.2.0-19 [2376 kB]
#5 6.671 Get:45 http://deb.debian.org/debian trixie/main amd64 g++-14-x86-64-linux-gnu amd64 14.2.0-19 [12.1 MB]
#5 7.637 Get:46 http://deb.debian.org/debian trixie/main amd64 g++-14 amd64 14.2.0-19 [22.5 kB]
#5 7.637 Get:47 http://deb.debian.org/debian trixie/main amd64 g++-x86-64-linux-gnu amd64 4:14.2.0-1 [1200 B]
#5 7.637 Get:48 http://deb.debian.org/debian trixie/main amd64 g++ amd64 4:14.2.0-1 [1344 B]
#5 7.638 Get:49 http://deb.debian.org/debian trixie/main amd64 make amd64 4.4.1-2 [463 kB]
#5 7.674 Get:50 http://deb.debian.org/debian trixie/main amd64 libdpkg-perl all 1.22.22 [651 kB]
#5 7.725 Get:51 http://deb.debian.org/debian trixie/main amd64 patch amd64 2.8-2 [134 kB]
#5 7.733 Get:52 http://deb.debian.org/debian trixie/main amd64 dpkg-dev all 1.22.22 [1337 kB]
#5 7.843 Get:53 http://deb.debian.org/debian trixie/main amd64 build-essential amd64 12.12 [4624 B]
#5 7.843 Get:54 http://deb.debian.org/debian trixie/main amd64 libaom3 amd64 3.12.1-1 [1871 kB]
#5 7.993 Get:55 http://deb.debian.org/debian trixie/main amd64 libdrm-common all 2.4.124-2 [8288 B]
#5 7.993 Get:56 http://deb.debian.org/debian trixie/main amd64 libdrm2 amd64 2.4.124-2 [39.0 kB]
#5 7.996 Get:57 http://deb.debian.org/debian trixie/main amd64 libva2 amd64 2.22.0-3 [79.4 kB]
#5 8.002 Get:58 http://deb.debian.org/debian trixie/main amd64 libva-drm2 amd64 2.22.0-3 [18.3 kB]
#5 8.003 Get:59 http://deb.debian.org/debian trixie/main amd64 libxau6 amd64 1:1.0.11-1 [20.4 kB]
#5 8.005 Get:60 http://deb.debian.org/debian trixie/main amd64 libxdmcp6 amd64 1:1.1.5-1 [27.8 kB]
#5 8.007 Get:61 http://deb.debian.org/debian trixie/main amd64 libxcb1 amd64 1.17.0-2+b1 [144 kB]
#5 8.020 Get:62 http://deb.debian.org/debian trixie/main amd64 libx11-data all 2:1.8.12-1 [343 kB]
#5 8.046 Get:63 http://deb.debian.org/debian trixie/main amd64 libx11-6 amd64 2:1.8.12-1 [815 kB]
#5 8.110 Get:64 http://deb.debian.org/debian trixie/main amd64 libx11-xcb1 amd64 2:1.8.12-1 [247 kB]
#5 8.128 Get:65 http://deb.debian.org/debian trixie/main amd64 libxcb-dri3-0 amd64 1.17.0-2+b1 [107 kB]
#5 8.136 Get:66 http://deb.debian.org/debian trixie/main amd64 libxext6 amd64 2:1.3.4-1+b3 [50.4 kB]
#5 8.141 Get:67 http://deb.debian.org/debian trixie/main amd64 libxfixes3 amd64 1:6.0.0-2+b4 [20.2 kB]
#5 8.142 Get:68 http://deb.debian.org/debian trixie/main amd64 libva-x11-2 amd64 2.22.0-3 [23.1 kB]
#5 8.142 Get:69 http://deb.debian.org/debian trixie/main amd64 libvdpau1 amd64 1.5-3+b1 [27.2 kB]
#5 8.144 Get:70 http://deb.debian.org/debian trixie/main amd64 libvpl2 amd64 1:2.14.0-1+b1 [129 kB]
#5 8.155 Get:71 http://deb.debian.org/debian trixie/main amd64 ocl-icd-libopencl1 amd64 2.3.3-1 [42.9 kB]
#5 8.158 Get:72 http://deb.debian.org/debian-security trixie-security/main amd64 libavutil59 amd64 7:7.1.4-0+deb13u1 [422 kB]
#5 8.196 Get:73 http://deb.debian.org/debian trixie/main amd64 libbrotli1 amd64 1.1.0-2+b7 [307 kB]
#5 8.222 Get:74 http://deb.debian.org/debian trixie/main amd64 libpng16-16t64 amd64 1.6.48-1+deb13u5 [283 kB]
#5 8.244 Get:75 http://deb.debian.org/debian trixie/main amd64 libfreetype6 amd64 2.13.3+dfsg-1+deb13u1 [452 kB]
#5 8.279 Get:76 http://deb.debian.org/debian trixie/main amd64 fonts-dejavu-mono all 2.37-8 [489 kB]
#5 8.315 Get:77 http://deb.debian.org/debian trixie/main amd64 fonts-dejavu-core all 2.37-8 [840 kB]
#5 8.381 Get:78 http://deb.debian.org/debian trixie/main amd64 fontconfig-config amd64 2.15.0-2.3 [318 kB]
#5 8.410 Get:79 http://deb.debian.org/debian trixie/main amd64 libfontconfig1 amd64 2.15.0-2.3 [392 kB]
#5 8.437 Get:80 http://deb.debian.org/debian trixie/main amd64 libpixman-1-0 amd64 0.44.0-3 [248 kB]
#5 8.457 Get:81 http://deb.debian.org/debian trixie/main amd64 libxcb-render0 amd64 1.17.0-2+b1 [115 kB]
#5 8.466 Get:82 http://deb.debian.org/debian trixie/main amd64 libxcb-shm0 amd64 1.17.0-2+b1 [105 kB]
#5 8.473 Get:83 http://deb.debian.org/debian trixie/main amd64 libxrender1 amd64 1:0.9.12-1 [27.9 kB]
#5 8.475 Get:84 http://deb.debian.org/debian trixie/main amd64 libcairo2 amd64 1.18.4-1+b1 [538 kB]
#5 8.518 Get:85 http://deb.debian.org/debian trixie/main amd64 libcodec2-1.2 amd64 1.2.0-3 [8170 kB]
#5 9.177 Get:86 http://deb.debian.org/debian trixie/main amd64 libdav1d7 amd64 1.5.1-1 [559 kB]
#5 9.217 Get:87 http://deb.debian.org/debian trixie/main amd64 libglib2.0-0t64 amd64 2.84.4-3~deb13u3 [1519 kB]
#5 9.338 Get:88 http://deb.debian.org/debian trixie/main amd64 libgsm1 amd64 1.0.22-1+b2 [29.3 kB]
#5 9.339 Get:89 http://deb.debian.org/debian trixie/main amd64 libhwy1t64 amd64 1.2.0-2+b2 [676 kB]
#5 9.390 Get:90 http://deb.debian.org/debian trixie/main amd64 liblcms2-2 amd64 2.16-2+deb13u2 [160 kB]
#5 9.403 Get:91 http://deb.debian.org/debian trixie/main amd64 libjxl0.11 amd64 0.11.2-0.1~deb13u1 [1133 kB]
#5 9.493 Get:92 http://deb.debian.org/debian trixie/main amd64 libmp3lame0 amd64 3.100-6+b3 [363 kB]
#5 9.522 Get:93 http://deb.debian.org/debian-security trixie-security/main amd64 libopenjp2-7 amd64 2.5.3-2.1~deb13u2 [205 kB]
#5 9.535 Get:94 http://deb.debian.org/debian trixie/main amd64 libopus0 amd64 1.5.2-2 [2852 kB]
#5 9.765 Get:95 http://deb.debian.org/debian trixie/main amd64 librav1e0.7 amd64 0.7.1-9+b2 [946 kB]
#5 9.838 Get:96 http://deb.debian.org/debian trixie/main amd64 libcairo-gobject2 amd64 1.18.4-1+b1 [130 kB]
#5 9.847 Get:97 http://deb.debian.org/debian trixie/main amd64 libgdk-pixbuf2.0-common all 2.42.12+dfsg-4+deb13u1 [312 kB]
#5 9.873 Get:98 http://deb.debian.org/debian trixie/main amd64 libxml2 amd64 2.12.7+dfsg+really2.9.14-2.1+deb13u2 [698 kB]
#5 9.926 Get:99 http://deb.debian.org/debian trixie/main amd64 shared-mime-info amd64 2.4-5+b2 [760 kB]
#5 9.984 Get:100 http://deb.debian.org/debian trixie/main amd64 libjpeg62-turbo amd64 1:2.1.5-4 [168 kB]
#5 9.998 Get:101 http://deb.debian.org/debian trixie/main amd64 libdeflate0 amd64 1.23-2 [47.3 kB]
#5 10.00 Get:102 http://deb.debian.org/debian trixie/main amd64 libjbig0 amd64 2.1-6.1+b2 [32.1 kB]
#5 10.00 Get:103 http://deb.debian.org/debian trixie/main amd64 liblerc4 amd64 4.0.0+ds-5 [183 kB]
#5 10.02 Get:104 http://deb.debian.org/debian trixie/main amd64 libsharpyuv0 amd64 1.5.0-0.1 [116 kB]
#5 10.03 Get:105 http://deb.debian.org/debian trixie/main amd64 libwebp7 amd64 1.5.0-0.1 [318 kB]
#5 10.05 Get:106 http://deb.debian.org/debian trixie/main amd64 libtiff6 amd64 4.7.0-3+deb13u2 [345 kB]
#5 10.08 Get:107 http://deb.debian.org/debian trixie/main amd64 libgdk-pixbuf-2.0-0 amd64 2.42.12+dfsg-4+deb13u1 [141 kB]
#5 10.09 Get:108 http://deb.debian.org/debian trixie/main amd64 fontconfig amd64 2.15.0-2.3 [463 kB]
#5 10.12 Get:109 http://deb.debian.org/debian trixie/main amd64 libfribidi0 amd64 1.0.16-1 [26.5 kB]
#5 10.12 Get:110 http://deb.debian.org/debian trixie/main amd64 libgraphite2-3 amd64 1.3.14-2+b1 [75.4 kB]
#5 10.13 Get:111 http://deb.debian.org/debian trixie/main amd64 libharfbuzz0b amd64 10.2.0-1+deb13u1 [479 kB]
#5 10.17 Get:112 http://deb.debian.org/debian trixie/main amd64 libthai-data all 0.1.29-2 [168 kB]
#5 10.18 Get:113 http://deb.debian.org/debian trixie/main amd64 libdatrie1 amd64 0.2.13-3+b1 [38.1 kB]
#5 10.19 Get:114 http://deb.debian.org/debian trixie/main amd64 libthai0 amd64 0.1.29-2+b1 [49.4 kB]
#5 10.19 Get:115 http://deb.debian.org/debian trixie/main amd64 libpango-1.0-0 amd64 1.56.3-1 [226 kB]
#5 10.21 Get:116 http://deb.debian.org/debian trixie/main amd64 libpangoft2-1.0-0 amd64 1.56.3-1 [55.6 kB]
#5 10.21 Get:117 http://deb.debian.org/debian trixie/main amd64 libpangocairo-1.0-0 amd64 1.56.3-1 [35.7 kB]
#5 10.21 Get:118 http://deb.debian.org/debian trixie/main amd64 librsvg2-2 amd64 2.60.0+dfsg-1 [1789 kB]
#5 10.39 Get:119 http://deb.debian.org/debian trixie/main amd64 libshine3 amd64 3.1.1-2+b2 [23.1 kB]
#5 10.39 Get:120 http://deb.debian.org/debian trixie/main amd64 libsnappy1v5 amd64 1.2.2-1 [29.3 kB]
#5 10.39 Get:121 http://deb.debian.org/debian trixie/main amd64 libspeex1 amd64 1.2.1-3 [56.8 kB]
#5 10.40 Get:122 http://deb.debian.org/debian trixie/main amd64 libsvtav1enc2 amd64 2.3.0+dfsg-1 [2489 kB]
#5 10.60 Get:123 http://deb.debian.org/debian trixie/main amd64 libsoxr0 amd64 0.1.3-4+b2 [81.0 kB]
#5 10.60 Get:124 http://deb.debian.org/debian-security trixie-security/main amd64 libswresample5 amd64 7:7.1.4-0+deb13u1 [106 kB]
#5 10.61 Get:125 http://deb.debian.org/debian trixie/main amd64 libtheoradec1 amd64 1.2.0~alpha1+dfsg-6 [58.4 kB]
#5 10.62 Get:126 http://deb.debian.org/debian trixie/main amd64 libogg0 amd64 1.3.5-3+b2 [23.8 kB]
#5 10.62 Get:127 http://deb.debian.org/debian trixie/main amd64 libtheoraenc1 amd64 1.2.0~alpha1+dfsg-6 [108 kB]
#5 10.62 Get:128 http://deb.debian.org/debian trixie/main amd64 libtwolame0 amd64 0.4.0-2+b2 [51.3 kB]
#5 10.63 Get:129 http://deb.debian.org/debian trixie/main amd64 libvorbis0a amd64 1.3.7-3 [90.0 kB]
#5 10.64 Get:130 http://deb.debian.org/debian trixie/main amd64 libvorbisenc2 amd64 1.3.7-3 [75.4 kB]
#5 10.64 Get:131 http://deb.debian.org/debian trixie/main amd64 libvpx9 amd64 1.15.0-2.1+deb13u1 [1115 kB]
#5 10.73 Get:132 http://deb.debian.org/debian trixie/main amd64 libwebpmux3 amd64 1.5.0-0.1 [126 kB]
#5 10.74 Get:133 http://deb.debian.org/debian trixie/main amd64 libx264-164 amd64 2:0.164.3108+git31e19f9-2+b1 [558 kB]
#5 10.78 Get:134 http://deb.debian.org/debian trixie/main amd64 libnuma1 amd64 2.0.19-1 [22.2 kB]
#5 10.79 Get:135 http://deb.debian.org/debian trixie/main amd64 libx265-215 amd64 4.1-2 [1237 kB]
#5 10.89 Get:136 http://deb.debian.org/debian trixie/main amd64 libxvidcore4 amd64 2:1.3.7-1+b2 [252 kB]
#5 10.91 Get:137 http://deb.debian.org/debian trixie/main amd64 libzvbi-common all 0.2.44-1 [71.4 kB]
#5 10.91 Get:138 http://deb.debian.org/debian trixie/main amd64 libzvbi0t64 amd64 0.2.44-1 [278 kB]
#5 10.94 Get:139 http://deb.debian.org/debian-security trixie-security/main amd64 libavcodec61 amd64 7:7.1.4-0+deb13u1 [5817 kB]
#5 11.40 Get:140 http://deb.debian.org/debian trixie/main amd64 libasound2-data all 1.2.14-1 [21.1 kB]
#5 11.40 Get:141 http://deb.debian.org/debian trixie/main amd64 libasound2t64 amd64 1.2.14-1 [381 kB]
#5 11.43 Get:142 http://deb.debian.org/debian trixie/main amd64 libraw1394-11 amd64 2.1.2-2+b2 [38.8 kB]
#5 11.44 Get:143 http://deb.debian.org/debian trixie/main amd64 libavc1394-0 amd64 0.5.4-5+b2 [18.2 kB]
#5 11.44 Get:144 http://deb.debian.org/debian trixie/main amd64 libunibreak6 amd64 6.1-3 [21.9 kB]
#5 11.44 Get:145 http://deb.debian.org/debian trixie/main amd64 libass9 amd64 1:0.17.3-1+b1 [114 kB]
#5 11.45 Get:146 http://deb.debian.org/debian trixie/main amd64 libudfread0 amd64 1.1.2-1+b2 [17.7 kB]
#5 11.45 Get:147 http://deb.debian.org/debian trixie/main amd64 libbluray2 amd64 1:1.3.4-1+b2 [138 kB]
#5 11.46 Get:148 http://deb.debian.org/debian trixie/main amd64 libchromaprint1 amd64 1.5.1-7 [42.9 kB]
#5 11.47 Get:149 http://deb.debian.org/debian trixie/main amd64 libdvdread8t64 amd64 6.1.3-2 [86.2 kB]
#5 11.47 Get:150 http://deb.debian.org/debian trixie/main amd64 libdvdnav4 amd64 6.1.1-3+b1 [44.5 kB]
#5 11.48 Get:151 http://deb.debian.org/debian trixie/main amd64 libgme0 amd64 0.6.3-7+b2 [131 kB]
#5 11.49 Get:152 http://deb.debian.org/debian trixie/main amd64 libunistring5 amd64 1.3-2 [477 kB]
#5 11.53 Get:153 http://deb.debian.org/debian trixie/main amd64 libidn2-0 amd64 2.3.8-2 [109 kB]
#5 11.53 Get:154 http://deb.debian.org/debian trixie/main amd64 libp11-kit0 amd64 0.25.5-3 [425 kB]
#5 11.57 Get:155 http://deb.debian.org/debian trixie/main amd64 libtasn1-6 amd64 4.20.0-2 [49.9 kB]
#5 11.57 Get:156 http://deb.debian.org/debian-security trixie-security/main amd64 libgnutls30t64 amd64 3.8.9-3+deb13u4 [1469 kB]
#5 11.69 Get:157 http://deb.debian.org/debian trixie/main amd64 libmpg123-0t64 amd64 1.32.10-1+deb13u1 [149 kB]
#5 11.70 Get:158 http://deb.debian.org/debian trixie/main amd64 libvorbisfile3 amd64 1.3.7-3 [20.9 kB]
#5 11.70 Get:159 http://deb.debian.org/debian trixie/main amd64 libopenmpt0t64 amd64 0.7.13-1+b1 [855 kB]
#5 11.77 Get:160 http://deb.debian.org/debian trixie/main amd64 librabbitmq4 amd64 0.15.0-1 [41.8 kB]
#5 11.77 Get:161 http://deb.debian.org/debian trixie/main amd64 libcjson1 amd64 1.7.18-3.1+deb13u1 [29.8 kB]
#5 11.77 Get:162 http://deb.debian.org/debian trixie/main amd64 libmbedcrypto16 amd64 3.6.5-0.1~deb13u1 [361 kB]
#5 11.80 Get:163 http://deb.debian.org/debian trixie/main amd64 librist4 amd64 0.2.11+dfsg-1 [72.1 kB]
#5 11.81 Get:164 http://deb.debian.org/debian trixie/main amd64 libsrt1.5-gnutls amd64 1.5.4-1 [345 kB]
#5 11.84 Get:165 http://deb.debian.org/debian-security trixie-security/main amd64 libkrb5support0 amd64 1.21.3-5+deb13u1 [33.1 kB]
#5 11.84 Get:166 http://deb.debian.org/debian trixie/main amd64 libcom-err2 amd64 1.47.2-3+b11 [25.0 kB]
#5 11.84 Get:167 http://deb.debian.org/debian-security trixie-security/main amd64 libk5crypto3 amd64 1.21.3-5+deb13u1 [81.2 kB]
#5 11.85 Get:168 http://deb.debian.org/debian trixie/main amd64 libkeyutils1 amd64 1.6.3-6 [9456 B]
#5 11.85 Get:169 http://deb.debian.org/debian-security trixie-security/main amd64 libkrb5-3 amd64 1.21.3-5+deb13u1 [326 kB]
#5 11.87 Get:170 http://deb.debian.org/debian-security trixie-security/main amd64 libgssapi-krb5-2 amd64 1.21.3-5+deb13u1 [138 kB]
#5 11.88 Get:171 http://deb.debian.org/debian trixie/main amd64 libssh-4 amd64 0.11.2-1+deb13u1 [209 kB]
#5 11.90 Get:172 http://deb.debian.org/debian trixie/main amd64 libnorm1t64 amd64 1.5.9+dfsg-3.1+b2 [221 kB]
#5 11.92 Get:173 http://deb.debian.org/debian trixie/main amd64 libpgm-5.3-0t64 amd64 5.3.128~dfsg-2.1+b1 [162 kB]
#5 11.93 Get:174 http://deb.debian.org/debian trixie/main amd64 libsodium23 amd64 1.0.18-1+deb13u1 [165 kB]
#5 11.94 Get:175 http://deb.debian.org/debian trixie/main amd64 libzmq5 amd64 4.3.5-1+b3 [283 kB]
#5 11.97 Get:176 http://deb.debian.org/debian-security trixie-security/main amd64 libavformat61 amd64 7:7.1.4-0+deb13u1 [1199 kB]
#5 12.06 Get:177 http://deb.debian.org/debian trixie/main amd64 libbs2b0 amd64 3.1.0+dfsg-8+b1 [12.5 kB]
#5 12.06 Get:178 http://deb.debian.org/debian trixie/main amd64 libflite1 amd64 2.2-7 [12.8 MB]
#5 13.09 Get:179 http://deb.debian.org/debian trixie/main amd64 libserd-0-0 amd64 0.32.4-1 [47.0 kB]
#5 13.09 Get:180 http://deb.debian.org/debian trixie/main amd64 libzix-0-0 amd64 0.6.2-1 [23.1 kB]
#5 13.09 Get:181 http://deb.debian.org/debian trixie/main amd64 libsord-0-0 amd64 0.16.18-1 [18.0 kB]
#5 13.09 Get:182 http://deb.debian.org/debian trixie/main amd64 libsratom-0-0 amd64 0.6.18-1 [17.7 kB]
#5 13.09 Get:183 http://deb.debian.org/debian trixie/main amd64 liblilv-0-0 amd64 0.24.26-1 [43.5 kB]
#5 13.10 Get:184 http://deb.debian.org/debian trixie/main amd64 libmysofa1 amd64 1.3.3+dfsg-1 [1158 kB]
#5 13.19 Get:185 http://deb.debian.org/debian trixie/main amd64 libvulkan1 amd64 1.4.309.0-1 [130 kB]
#5 13.20 Get:186 http://deb.debian.org/debian trixie/main amd64 libplacebo349 amd64 7.349.0-3 [2542 kB]
#5 13.40 Get:187 http://deb.debian.org/debian trixie/main amd64 libblas3 amd64 3.12.1-6 [160 kB]
#5 13.42 Get:188 http://deb.debian.org/debian trixie/main amd64 libgfortran5 amd64 14.2.0-19 [836 kB]
#5 13.48 Get:189 http://deb.debian.org/debian trixie/main amd64 liblapack3 amd64 3.12.1-6 [2447 kB]
#5 13.66 Get:190 http://deb.debian.org/debian trixie/main amd64 libasyncns0 amd64 0.8-6+b5 [12.0 kB]
#5 13.66 Get:191 http://deb.debian.org/debian trixie/main amd64 libdbus-1-3 amd64 1.16.2-2 [178 kB]
#5 13.68 Get:192 http://deb.debian.org/debian trixie/main amd64 libflac14 amd64 1.5.0+ds-2 [210 kB]
#5 13.70 Get:193 http://deb.debian.org/debian trixie/main amd64 libsndfile1 amd64 1.2.2-2+deb13u1 [199 kB]
#5 13.71 Get:194 http://deb.debian.org/debian trixie/main amd64 libpulse0 amd64 17.0+dfsg1-2+b1 [276 kB]
#5 13.73 Get:195 http://deb.debian.org/debian trixie/main amd64 libsphinxbase3t64 amd64 0.8+5prealpha+1-21+b1 [121 kB]
#5 13.74 Get:196 http://deb.debian.org/debian trixie/main amd64 libpocketsphinx3 amd64 0.8+5prealpha+1-15+b4 [126 kB]
#5 13.75 Get:197 http://deb.debian.org/debian-security trixie-security/main amd64 libpostproc58 amd64 7:7.1.4-0+deb13u1 [92.9 kB]
#5 13.76 Get:198 http://deb.debian.org/debian trixie/main amd64 libfftw3-double3 amd64 3.3.10-2+b1 [781 kB]
#5 13.82 Get:199 http://deb.debian.org/debian trixie/main amd64 libsamplerate0 amd64 0.2.2-4+b2 [950 kB]
#5 13.90 Get:200 http://deb.debian.org/debian trixie/main amd64 librubberband2 amd64 3.3.0+dfsg-2+b3 [142 kB]
#5 13.91 Get:201 http://deb.debian.org/debian-security trixie-security/main amd64 libswscale8 amd64 7:7.1.4-0+deb13u1 [238 kB]
#5 13.93 Get:202 http://deb.debian.org/debian trixie/main amd64 libvidstab1.1 amd64 1.1.0-2+b2 [38.9 kB]
#5 13.93 Get:203 http://deb.debian.org/debian trixie/main amd64 libzimg2 amd64 3.0.5+ds1-1+b2 [244 kB]
#5 13.95 Get:204 http://deb.debian.org/debian-security trixie-security/main amd64 libavfilter10 amd64 7:7.1.4-0+deb13u1 [4113 kB]
#5 14.31 Get:205 http://deb.debian.org/debian trixie/main amd64 libslang2 amd64 2.3.3-5+b2 [549 kB]
#5 14.35 Get:206 http://deb.debian.org/debian trixie/main amd64 libcaca0 amd64 0.99.beta20-5 [202 kB]
#5 14.36 Get:207 http://deb.debian.org/debian trixie/main amd64 libcdio19t64 amd64 2.2.0-4.1~deb13u1 [61.6 kB]
#5 14.37 Get:208 http://deb.debian.org/debian trixie/main amd64 libcdio-cdda2t64 amd64 10.2+2.0.2-1+b1 [17.7 kB]
#5 14.37 Get:209 http://deb.debian.org/debian trixie/main amd64 libcdio-paranoia2t64 amd64 10.2+2.0.2-1+b1 [17.4 kB]
#5 14.37 Get:210 http://deb.debian.org/debian trixie/main amd64 libusb-1.0-0 amd64 2:1.0.28-1 [59.6 kB]
#5 14.38 Get:211 http://deb.debian.org/debian trixie/main amd64 libdc1394-25 amd64 2.2.6-5 [111 kB]
#5 14.39 Get:212 http://deb.debian.org/debian trixie/main amd64 libglvnd0 amd64 1.7.0-1+b2 [52.0 kB]
#5 14.39 Get:213 http://deb.debian.org/debian trixie/main amd64 libxcb-glx0 amd64 1.17.0-2+b1 [122 kB]
#5 14.40 Get:214 http://deb.debian.org/debian trixie/main amd64 libxcb-present0 amd64 1.17.0-2+b1 [106 kB]
#5 14.41 Get:215 http://deb.debian.org/debian trixie/main amd64 libxcb-xfixes0 amd64 1.17.0-2+b1 [109 kB]
#5 14.42 Get:216 http://deb.debian.org/debian trixie/main amd64 libxxf86vm1 amd64 1:1.1.4-1+b4 [19.3 kB]
#5 14.42 Get:217 http://deb.debian.org/debian trixie/main amd64 libdrm-amdgpu1 amd64 2.4.124-2 [22.6 kB]
#5 14.42 Get:218 http://deb.debian.org/debian trixie/main amd64 libpciaccess0 amd64 0.17-3+b3 [51.9 kB]
#5 14.43 Get:219 http://deb.debian.org/debian trixie/main amd64 libdrm-intel1 amd64 2.4.124-2 [64.1 kB]
#5 14.43 Get:220 http://deb.debian.org/debian trixie/main amd64 libelf1t64 amd64 0.192-4 [189 kB]
#5 14.45 Get:221 http://deb.debian.org/debian trixie/main amd64 libedit2 amd64 3.1-20250104-1 [93.8 kB]
#5 14.45 Get:222 http://deb.debian.org/debian trixie/main amd64 libz3-4 amd64 4.13.3-1 [8560 kB]
#5 15.11 Get:223 http://deb.debian.org/debian trixie/main amd64 libllvm19 amd64 1:19.1.7-3+b1 [26.0 MB]
#5 17.25 Get:224 http://deb.debian.org/debian trixie/main amd64 libsensors-config all 1:3.6.2-2 [16.2 kB]
#5 17.26 Get:225 http://deb.debian.org/debian trixie/main amd64 libsensors5 amd64 1:3.6.2-2 [37.5 kB]
#5 17.26 Get:226 http://deb.debian.org/debian trixie/main amd64 libxcb-randr0 amd64 1.17.0-2+b1 [117 kB]
#5 17.26 Get:227 http://deb.debian.org/debian trixie/main amd64 libxcb-sync1 amd64 1.17.0-2+b1 [109 kB]
#5 17.27 Get:228 http://deb.debian.org/debian trixie/main amd64 libxshmfence1 amd64 1.3.3-1 [10.9 kB]
#5 17.27 Get:229 http://deb.debian.org/debian trixie/main amd64 mesa-libgallium amd64 25.0.7-2 [9629 kB]
#5 18.05 Get:230 http://deb.debian.org/debian trixie/main amd64 libwayland-server0 amd64 1.23.1-3 [34.4 kB]
#5 18.05 Get:231 http://deb.debian.org/debian trixie/main amd64 libgbm1 amd64 25.0.7-2 [44.4 kB]
#5 18.06 Get:232 http://deb.debian.org/debian trixie/main amd64 libgl1-mesa-dri amd64 25.0.7-2 [46.1 kB]
#5 18.06 Get:233 http://deb.debian.org/debian trixie/main amd64 libglx-mesa0 amd64 25.0.7-2 [143 kB]
#5 18.07 Get:234 http://deb.debian.org/debian trixie/main amd64 libglx0 amd64 1.7.0-1+b2 [34.9 kB]
#5 18.08 Get:235 http://deb.debian.org/debian trixie/main amd64 libgl1 amd64 1.7.0-1+b2 [89.5 kB]
#5 18.08 Get:236 http://deb.debian.org/debian trixie/main amd64 libiec61883-0 amd64 1.2.0-7 [30.6 kB]
#5 18.09 Get:237 http://deb.debian.org/debian trixie/main amd64 libjack-jackd2-0 amd64 1.9.22~dfsg-4 [287 kB]
#5 18.11 Get:238 http://deb.debian.org/debian trixie/main amd64 libopenal-data all 1:1.24.2-1 [168 kB]
#5 18.12 Get:239 http://deb.debian.org/debian trixie/main amd64 libopenal1 amd64 1:1.24.2-1 [637 kB]
#5 18.17 Get:240 http://deb.debian.org/debian trixie/main amd64 libwayland-client0 amd64 1.23.1-3 [26.8 kB]
#5 18.18 Get:241 http://deb.debian.org/debian trixie/main amd64 libdecor-0-0 amd64 0.2.2-2 [15.5 kB]
#5 18.18 Get:242 http://deb.debian.org/debian trixie/main amd64 libwayland-cursor0 amd64 1.23.1-3 [11.9 kB]
#5 18.18 Get:243 http://deb.debian.org/debian trixie/main amd64 libwayland-egl1 amd64 1.23.1-3 [5860 B]
#5 18.18 Get:244 http://deb.debian.org/debian trixie/main amd64 libxcursor1 amd64 1:1.2.3-1 [39.7 kB]
#5 18.18 Get:245 http://deb.debian.org/debian trixie/main amd64 libxi6 amd64 2:1.8.2-1 [78.9 kB]
#5 18.19 Get:246 http://deb.debian.org/debian trixie/main amd64 xkb-data all 2.42-1 [790 kB]
#5 18.26 Get:247 http://deb.debian.org/debian trixie/main amd64 libxkbcommon0 amd64 1.7.0-2 [113 kB]
#5 18.26 Get:248 http://deb.debian.org/debian trixie/main amd64 libxrandr2 amd64 2:1.5.4-1+b3 [36.3 kB]
#5 18.27 Get:249 http://deb.debian.org/debian trixie/main amd64 x11-common all 1:7.7+24+deb13u1 [217 kB]
#5 18.28 Get:250 http://deb.debian.org/debian trixie/main amd64 libxss1 amd64 1:1.2.3-1+b3 [17.0 kB]
#5 18.28 Get:251 http://deb.debian.org/debian trixie/main amd64 libsdl2-2.0-0 amd64 2.32.4+dfsg-1 [669 kB]
#5 18.34 Get:252 http://deb.debian.org/debian trixie/main amd64 libxcb-shape0 amd64 1.17.0-2+b1 [106 kB]
#5 18.35 Get:253 http://deb.debian.org/debian trixie/main amd64 libxv1 amd64 2:1.0.11-1.1+b3 [23.4 kB]
#5 18.35 Get:254 http://deb.debian.org/debian-security trixie-security/main amd64 libavdevice61 amd64 7:7.1.4-0+deb13u1 [123 kB]
#5 18.36 Get:255 http://deb.debian.org/debian-security trixie-security/main amd64 ffmpeg amd64 7:7.1.4-0+deb13u1 [2000 kB]
#5 18.52 Get:256 http://deb.debian.org/debian trixie/main amd64 libsasl2-modules-db amd64 2.1.28+dfsg1-9 [19.8 kB]
#5 18.52 Get:257 http://deb.debian.org/debian trixie/main amd64 libsasl2-2 amd64 2.1.28+dfsg1-9 [57.5 kB]
#5 18.52 Get:258 http://deb.debian.org/debian trixie/main amd64 libldap2 amd64 2.6.10+dfsg-1 [194 kB]
#5 18.54 Get:259 http://deb.debian.org/debian-security trixie-security/main amd64 libnghttp2-14 amd64 1.64.0-1.1+deb13u1 [76.2 kB]
#5 18.54 Get:260 http://deb.debian.org/debian trixie/main amd64 libnghttp3-9 amd64 1.8.0-1 [67.7 kB]
#5 18.55 Get:261 http://deb.debian.org/debian trixie/main amd64 libngtcp2-16 amd64 1.11.0-1+deb13u1 [132 kB]
#5 18.56 Get:262 http://deb.debian.org/debian trixie/main amd64 libngtcp2-crypto-gnutls8 amd64 1.11.0-1+deb13u1 [29.5 kB]
#5 18.56 Get:263 http://deb.debian.org/debian trixie/main amd64 libpsl5t64 amd64 0.21.2-1.1+b1 [57.2 kB]
#5 18.56 Get:264 http://deb.debian.org/debian trixie/main amd64 librtmp1 amd64 2.4+20151223.gitfa8646d.1-2+b5 [58.8 kB]
#5 18.57 Get:265 http://deb.debian.org/debian trixie/main amd64 libssh2-1t64 amd64 1.11.1-1 [245 kB]
#5 18.59 Get:266 http://deb.debian.org/debian trixie/main amd64 libcurl3t64-gnutls amd64 8.14.1-2+deb13u3 [384 kB]
#5 18.62 Get:267 http://deb.debian.org/debian trixie/main amd64 liberror-perl all 0.17030-1 [26.9 kB]
#5 18.62 Get:268 http://deb.debian.org/debian trixie/main amd64 git-man all 1:2.47.3-0+deb13u1 [2205 kB]
#5 18.80 Get:269 http://deb.debian.org/debian trixie/main amd64 git amd64 1:2.47.3-0+deb13u1 [8862 kB]
#5 19.76 debconf: unable to initialize frontend: Dialog
#5 19.76 debconf: (TERM is not set, so the dialog frontend is not usable.)
#5 19.76 debconf: falling back to frontend: Readline
#5 19.76 debconf: unable to initialize frontend: Readline
#5 19.76 debconf: (Can't locate Term/ReadLine.pm in @INC (you may need to install the Term::ReadLine module) (@INC entries checked: /etc/perl /usr/local/lib/x86_64-linux-gnu/perl/5.40.1 /usr/local/share/perl/5.40.1 /usr/lib/x86_64-linux-gnu/perl5/5.40 /usr/share/perl5 /usr/lib/x86_64-linux-gnu/perl-base /usr/lib/x86_64-linux-gnu/perl/5.40 /usr/share/perl/5.40 /usr/local/lib/site_perl) at /usr/share/perl5/Debconf/FrontEnd/Readline.pm line 8, <STDIN> line 269.)
#5 19.76 debconf: falling back to frontend: Teletype
#5 19.77 debconf: unable to initialize frontend: Teletype
#5 19.77 debconf: (This frontend requires a controlling tty.)
#5 19.77 debconf: falling back to frontend: Noninteractive
#5 23.43 Preconfiguring packages ...
#5 23.52 Fetched 228 MB in 18s (12.3 MB/s)
#5 23.57 Selecting previously unselected package libexpat1:amd64.
#5 23.57 (Reading database ... 
(Reading database ... 5%
(Reading database ... 10%
(Reading database ... 15%
(Reading database ... 20%
(Reading database ... 25%
(Reading database ... 30%
(Reading database ... 35%
(Reading database ... 40%
(Reading database ... 45%
(Reading database ... 50%
(Reading database ... 55%
(Reading database ... 60%
(Reading database ... 65%
(Reading database ... 70%
(Reading database ... 75%
(Reading database ... 80%
(Reading database ... 85%
(Reading database ... 90%
(Reading database ... 95%
(Reading database ... 100%
(Reading database ... 5645 files and directories currently installed.)
#5 23.59 Preparing to unpack .../000-libexpat1_2.7.1-2_amd64.deb ...
#5 23.61 Unpacking libexpat1:amd64 (2.7.1-2) ...
#5 23.66 Selecting previously unselected package bzip2.
#5 23.66 Preparing to unpack .../001-bzip2_1.0.8-6_amd64.deb ...
#5 23.67 Unpacking bzip2 (1.0.8-6) ...
#5 23.72 Selecting previously unselected package perl-modules-5.40.
#5 23.72 Preparing to unpack .../002-perl-modules-5.40_5.40.1-6_all.deb ...
#5 23.73 Unpacking perl-modules-5.40 (5.40.1-6) ...
#5 24.10 Selecting previously unselected package libgdbm-compat4t64:amd64.
#5 24.10 Preparing to unpack .../003-libgdbm-compat4t64_1.24-2_amd64.deb ...
#5 24.11 Unpacking libgdbm-compat4t64:amd64 (1.24-2) ...
#5 24.17 Selecting previously unselected package libperl5.40:amd64.
#5 24.17 Preparing to unpack .../004-libperl5.40_5.40.1-6_amd64.deb ...
#5 24.18 Unpacking libperl5.40:amd64 (5.40.1-6) ...
#5 24.44 Selecting previously unselected package perl.
#5 24.44 Preparing to unpack .../005-perl_5.40.1-6_amd64.deb ...
#5 24.45 Unpacking perl (5.40.1-6) ...
#5 24.51 Selecting previously unselected package xz-utils.
#5 24.51 Preparing to unpack .../006-xz-utils_5.8.1-1_amd64.deb ...
#5 24.52 Unpacking xz-utils (5.8.1-1) ...
#5 24.59 Selecting previously unselected package libsframe1:amd64.
#5 24.59 Preparing to unpack .../007-libsframe1_2.44-3_amd64.deb ...
#5 24.60 Unpacking libsframe1:amd64 (2.44-3) ...
#5 24.66 Selecting previously unselected package binutils-common:amd64.
#5 24.66 Preparing to unpack .../008-binutils-common_2.44-3_amd64.deb ...
#5 24.67 Unpacking binutils-common:amd64 (2.44-3) ...
#5 24.80 Selecting previously unselected package libbinutils:amd64.
#5 24.80 Preparing to unpack .../009-libbinutils_2.44-3_amd64.deb ...
#5 24.81 Unpacking libbinutils:amd64 (2.44-3) ...
#5 24.88 Selecting previously unselected package libgprofng0:amd64.
#5 24.88 Preparing to unpack .../010-libgprofng0_2.44-3_amd64.deb ...
#5 24.89 Unpacking libgprofng0:amd64 (2.44-3) ...
#5 24.98 Selecting previously unselected package libctf-nobfd0:amd64.
#5 24.98 Preparing to unpack .../011-libctf-nobfd0_2.44-3_amd64.deb ...
#5 24.99 Unpacking libctf-nobfd0:amd64 (2.44-3) ...
#5 25.04 Selecting previously unselected package libctf0:amd64.
#5 25.04 Preparing to unpack .../012-libctf0_2.44-3_amd64.deb ...
#5 25.05 Unpacking libctf0:amd64 (2.44-3) ...
#5 25.11 Selecting previously unselected package libjansson4:amd64.
#5 25.11 Preparing to unpack .../013-libjansson4_2.14-2+b3_amd64.deb ...
#5 25.11 Unpacking libjansson4:amd64 (2.14-2+b3) ...
#5 25.16 Selecting previously unselected package binutils-x86-64-linux-gnu.
#5 25.16 Preparing to unpack .../014-binutils-x86-64-linux-gnu_2.44-3_amd64.deb ...
#5 25.17 Unpacking binutils-x86-64-linux-gnu (2.44-3) ...
#5 25.28 Selecting previously unselected package binutils.
#5 25.28 Preparing to unpack .../015-binutils_2.44-3_amd64.deb ...
#5 25.29 Unpacking binutils (2.44-3) ...
#5 25.34 Selecting previously unselected package libc-dev-bin.
#5 25.34 Preparing to unpack .../016-libc-dev-bin_2.41-12+deb13u3_amd64.deb ...
#5 25.35 Unpacking libc-dev-bin (2.41-12+deb13u3) ...
#5 25.40 Selecting previously unselected package linux-libc-dev.
#5 25.40 Preparing to unpack .../017-linux-libc-dev_6.12.90-2_all.deb ...
#5 25.40 Unpacking linux-libc-dev (6.12.90-2) ...
#5 25.80 Selecting previously unselected package libcrypt-dev:amd64.
#5 25.80 Preparing to unpack .../018-libcrypt-dev_1%3a4.4.38-1_amd64.deb ...
#5 25.82 Unpacking libcrypt-dev:amd64 (1:4.4.38-1) ...
#5 25.87 Selecting previously unselected package rpcsvc-proto.
#5 25.87 Preparing to unpack .../019-rpcsvc-proto_1.4.3-1_amd64.deb ...
#5 25.87 Unpacking rpcsvc-proto (1.4.3-1) ...
#5 25.93 Selecting previously unselected package libc6-dev:amd64.
#5 25.93 Preparing to unpack .../020-libc6-dev_2.41-12+deb13u3_amd64.deb ...
#5 25.93 Unpacking libc6-dev:amd64 (2.41-12+deb13u3) ...
#5 26.11 Selecting previously unselected package libisl23:amd64.
#5 26.11 Preparing to unpack .../021-libisl23_0.27-1_amd64.deb ...
#5 26.11 Unpacking libisl23:amd64 (0.27-1) ...
#5 26.19 Selecting previously unselected package libmpfr6:amd64.
#5 26.19 Preparing to unpack .../022-libmpfr6_4.2.2-1_amd64.deb ...
#5 26.20 Unpacking libmpfr6:amd64 (4.2.2-1) ...
#5 26.27 Selecting previously unselected package libmpc3:amd64.
#5 26.27 Preparing to unpack .../023-libmpc3_1.3.1-1+b3_amd64.deb ...
#5 26.28 Unpacking libmpc3:amd64 (1.3.1-1+b3) ...
#5 26.33 Selecting previously unselected package cpp-14-x86-64-linux-gnu.
#5 26.33 Preparing to unpack .../024-cpp-14-x86-64-linux-gnu_14.2.0-19_amd64.deb ...
#5 26.33 Unpacking cpp-14-x86-64-linux-gnu (14.2.0-19) ...
#5 26.69 Selecting previously unselected package cpp-14.
#5 26.69 Preparing to unpack .../025-cpp-14_14.2.0-19_amd64.deb ...
#5 26.70 Unpacking cpp-14 (14.2.0-19) ...
#5 26.74 Selecting previously unselected package cpp-x86-64-linux-gnu.
#5 26.74 Preparing to unpack .../026-cpp-x86-64-linux-gnu_4%3a14.2.0-1_amd64.deb ...
#5 26.75 Unpacking cpp-x86-64-linux-gnu (4:14.2.0-1) ...
#5 26.81 Selecting previously unselected package cpp.
#5 26.81 Preparing to unpack .../027-cpp_4%3a14.2.0-1_amd64.deb ...
#5 26.83 Unpacking cpp (4:14.2.0-1) ...
#5 26.88 Selecting previously unselected package libcc1-0:amd64.
#5 26.88 Preparing to unpack .../028-libcc1-0_14.2.0-19_amd64.deb ...
#5 26.89 Unpacking libcc1-0:amd64 (14.2.0-19) ...
#5 26.94 Selecting previously unselected package libgomp1:amd64.
#5 26.95 Preparing to unpack .../029-libgomp1_14.2.0-19_amd64.deb ...
#5 26.95 Unpacking libgomp1:amd64 (14.2.0-19) ...
#5 27.01 Selecting previously unselected package libitm1:amd64.
#5 27.01 Preparing to unpack .../030-libitm1_14.2.0-19_amd64.deb ...
#5 27.02 Unpacking libitm1:amd64 (14.2.0-19) ...
#5 27.08 Selecting previously unselected package libatomic1:amd64.
#5 27.08 Preparing to unpack .../031-libatomic1_14.2.0-19_amd64.deb ...
#5 27.08 Unpacking libatomic1:amd64 (14.2.0-19) ...
#5 27.14 Selecting previously unselected package libasan8:amd64.
#5 27.14 Preparing to unpack .../032-libasan8_14.2.0-19_amd64.deb ...
#5 27.15 Unpacking libasan8:amd64 (14.2.0-19) ...
#5 27.29 Selecting previously unselected package liblsan0:amd64.
#5 27.30 Preparing to unpack .../033-liblsan0_14.2.0-19_amd64.deb ...
#5 27.30 Unpacking liblsan0:amd64 (14.2.0-19) ...
#5 27.40 Selecting previously unselected package libtsan2:amd64.
#5 27.40 Preparing to unpack .../034-libtsan2_14.2.0-19_amd64.deb ...
#5 27.40 Unpacking libtsan2:amd64 (14.2.0-19) ...
#5 27.54 Selecting previously unselected package libubsan1:amd64.
#5 27.54 Preparing to unpack .../035-libubsan1_14.2.0-19_amd64.deb ...
#5 27.55 Unpacking libubsan1:amd64 (14.2.0-19) ...
#5 27.64 Selecting previously unselected package libhwasan0:amd64.
#5 27.64 Preparing to unpack .../036-libhwasan0_14.2.0-19_amd64.deb ...
#5 27.65 Unpacking libhwasan0:amd64 (14.2.0-19) ...
#5 27.75 Selecting previously unselected package libquadmath0:amd64.
#5 27.75 Preparing to unpack .../037-libquadmath0_14.2.0-19_amd64.deb ...
#5 27.75 Unpacking libquadmath0:amd64 (14.2.0-19) ...
#5 27.80 Selecting previously unselected package libgcc-14-dev:amd64.
#5 27.80 Preparing to unpack .../038-libgcc-14-dev_14.2.0-19_amd64.deb ...
#5 27.81 Unpacking libgcc-14-dev:amd64 (14.2.0-19) ...
#5 27.94 Selecting previously unselected package gcc-14-x86-64-linux-gnu.
#5 27.94 Preparing to unpack .../039-gcc-14-x86-64-linux-gnu_14.2.0-19_amd64.deb ...
#5 27.95 Unpacking gcc-14-x86-64-linux-gnu (14.2.0-19) ...
#5 28.37 Selecting previously unselected package gcc-14.
#5 28.37 Preparing to unpack .../040-gcc-14_14.2.0-19_amd64.deb ...
#5 28.38 Unpacking gcc-14 (14.2.0-19) ...
#5 28.43 Selecting previously unselected package gcc-x86-64-linux-gnu.
#5 28.44 Preparing to unpack .../041-gcc-x86-64-linux-gnu_4%3a14.2.0-1_amd64.deb ...
#5 28.44 Unpacking gcc-x86-64-linux-gnu (4:14.2.0-1) ...
#5 28.49 Selecting previously unselected package gcc.
#5 28.50 Preparing to unpack .../042-gcc_4%3a14.2.0-1_amd64.deb ...
#5 28.50 Unpacking gcc (4:14.2.0-1) ...
#5 28.55 Selecting previously unselected package libstdc++-14-dev:amd64.
#5 28.55 Preparing to unpack .../043-libstdc++-14-dev_14.2.0-19_amd64.deb ...
#5 28.56 Unpacking libstdc++-14-dev:amd64 (14.2.0-19) ...
#5 28.78 Selecting previously unselected package g++-14-x86-64-linux-gnu.
#5 28.78 Preparing to unpack .../044-g++-14-x86-64-linux-gnu_14.2.0-19_amd64.deb ...
#5 28.79 Unpacking g++-14-x86-64-linux-gnu (14.2.0-19) ...
#5 29.12 Selecting previously unselected package g++-14.
#5 29.13 Preparing to unpack .../045-g++-14_14.2.0-19_amd64.deb ...
#5 29.13 Unpacking g++-14 (14.2.0-19) ...
#5 29.18 Selecting previously unselected package g++-x86-64-linux-gnu.
#5 29.18 Preparing to unpack .../046-g++-x86-64-linux-gnu_4%3a14.2.0-1_amd64.deb ...
#5 29.19 Unpacking g++-x86-64-linux-gnu (4:14.2.0-1) ...
#5 29.24 Selecting previously unselected package g++.
#5 29.24 Preparing to unpack .../047-g++_4%3a14.2.0-1_amd64.deb ...
#5 29.25 Unpacking g++ (4:14.2.0-1) ...
#5 29.30 Selecting previously unselected package make.
#5 29.30 Preparing to unpack .../048-make_4.4.1-2_amd64.deb ...
#5 29.30 Unpacking make (4.4.1-2) ...
#5 29.36 Selecting previously unselected package libdpkg-perl.
#5 29.37 Preparing to unpack .../049-libdpkg-perl_1.22.22_all.deb ...
#5 29.37 Unpacking libdpkg-perl (1.22.22) ...
#5 29.45 Selecting previously unselected package patch.
#5 29.45 Preparing to unpack .../050-patch_2.8-2_amd64.deb ...
#5 29.46 Unpacking patch (2.8-2) ...
#5 29.51 Selecting previously unselected package dpkg-dev.
#5 29.51 Preparing to unpack .../051-dpkg-dev_1.22.22_all.deb ...
#5 29.52 Unpacking dpkg-dev (1.22.22) ...
#5 29.62 Selecting previously unselected package build-essential.
#5 29.62 Preparing to unpack .../052-build-essential_12.12_amd64.deb ...
#5 29.62 Unpacking build-essential (12.12) ...
#5 29.68 Selecting previously unselected package libaom3:amd64.
#5 29.68 Preparing to unpack .../053-libaom3_3.12.1-1_amd64.deb ...
#5 29.69 Unpacking libaom3:amd64 (3.12.1-1) ...
#5 29.80 Selecting previously unselected package libdrm-common.
#5 29.80 Preparing to unpack .../054-libdrm-common_2.4.124-2_all.deb ...
#5 29.81 Unpacking libdrm-common (2.4.124-2) ...
#5 29.86 Selecting previously unselected package libdrm2:amd64.
#5 29.87 Preparing to unpack .../055-libdrm2_2.4.124-2_amd64.deb ...
#5 29.87 Unpacking libdrm2:amd64 (2.4.124-2) ...
#5 29.92 Selecting previously unselected package libva2:amd64.
#5 29.93 Preparing to unpack .../056-libva2_2.22.0-3_amd64.deb ...
#5 29.93 Unpacking libva2:amd64 (2.22.0-3) ...
#5 29.99 Selecting previously unselected package libva-drm2:amd64.
#5 29.99 Preparing to unpack .../057-libva-drm2_2.22.0-3_amd64.deb ...
#5 30.00 Unpacking libva-drm2:amd64 (2.22.0-3) ...
#5 30.05 Selecting previously unselected package libxau6:amd64.
#5 30.05 Preparing to unpack .../058-libxau6_1%3a1.0.11-1_amd64.deb ...
#5 30.06 Unpacking libxau6:amd64 (1:1.0.11-1) ...
#5 30.11 Selecting previously unselected package libxdmcp6:amd64.
#5 30.11 Preparing to unpack .../059-libxdmcp6_1%3a1.1.5-1_amd64.deb ...
#5 30.12 Unpacking libxdmcp6:amd64 (1:1.1.5-1) ...
#5 30.17 Selecting previously unselected package libxcb1:amd64.
#5 30.18 Preparing to unpack .../060-libxcb1_1.17.0-2+b1_amd64.deb ...
#5 30.18 Unpacking libxcb1:amd64 (1.17.0-2+b1) ...
#5 30.23 Selecting previously unselected package libx11-data.
#5 30.23 Preparing to unpack .../061-libx11-data_2%3a1.8.12-1_all.deb ...
#5 30.24 Unpacking libx11-data (2:1.8.12-1) ...
#5 30.35 Selecting previously unselected package libx11-6:amd64.
#5 30.35 Preparing to unpack .../062-libx11-6_2%3a1.8.12-1_amd64.deb ...
#5 30.36 Unpacking libx11-6:amd64 (2:1.8.12-1) ...
#5 30.43 Selecting previously unselected package libx11-xcb1:amd64.
#5 30.43 Preparing to unpack .../063-libx11-xcb1_2%3a1.8.12-1_amd64.deb ...
#5 30.44 Unpacking libx11-xcb1:amd64 (2:1.8.12-1) ...
#5 30.49 Selecting previously unselected package libxcb-dri3-0:amd64.
#5 30.50 Preparing to unpack .../064-libxcb-dri3-0_1.17.0-2+b1_amd64.deb ...
#5 30.50 Unpacking libxcb-dri3-0:amd64 (1.17.0-2+b1) ...
#5 30.56 Selecting previously unselected package libxext6:amd64.
#5 30.56 Preparing to unpack .../065-libxext6_2%3a1.3.4-1+b3_amd64.deb ...
#5 30.57 Unpacking libxext6:amd64 (2:1.3.4-1+b3) ...
#5 30.62 Selecting previously unselected package libxfixes3:amd64.
#5 30.62 Preparing to unpack .../066-libxfixes3_1%3a6.0.0-2+b4_amd64.deb ...
#5 30.63 Unpacking libxfixes3:amd64 (1:6.0.0-2+b4) ...
#5 30.69 Selecting previously unselected package libva-x11-2:amd64.
#5 30.69 Preparing to unpack .../067-libva-x11-2_2.22.0-3_amd64.deb ...
#5 30.69 Unpacking libva-x11-2:amd64 (2.22.0-3) ...
#5 30.75 Selecting previously unselected package libvdpau1:amd64.
#5 30.75 Preparing to unpack .../068-libvdpau1_1.5-3+b1_amd64.deb ...
#5 30.76 Unpacking libvdpau1:amd64 (1.5-3+b1) ...
#5 30.81 Selecting previously unselected package libvpl2.
#5 30.81 Preparing to unpack .../069-libvpl2_1%3a2.14.0-1+b1_amd64.deb ...
#5 30.82 Unpacking libvpl2 (1:2.14.0-1+b1) ...
#5 30.87 Selecting previously unselected package ocl-icd-libopencl1:amd64.
#5 30.88 Preparing to unpack .../070-ocl-icd-libopencl1_2.3.3-1_amd64.deb ...
#5 30.88 Unpacking ocl-icd-libopencl1:amd64 (2.3.3-1) ...
#5 30.94 Selecting previously unselected package libavutil59:amd64.
#5 30.94 Preparing to unpack .../071-libavutil59_7%3a7.1.4-0+deb13u1_amd64.deb ...
#5 30.95 Unpacking libavutil59:amd64 (7:7.1.4-0+deb13u1) ...
#5 31.01 Selecting previously unselected package libbrotli1:amd64.
#5 31.01 Preparing to unpack .../072-libbrotli1_1.1.0-2+b7_amd64.deb ...
#5 31.02 Unpacking libbrotli1:amd64 (1.1.0-2+b7) ...
#5 31.08 Selecting previously unselected package libpng16-16t64:amd64.
#5 31.09 Preparing to unpack .../073-libpng16-16t64_1.6.48-1+deb13u5_amd64.deb ...
#5 31.09 Unpacking libpng16-16t64:amd64 (1.6.48-1+deb13u5) ...
#5 31.15 Selecting previously unselected package libfreetype6:amd64.
#5 31.15 Preparing to unpack .../074-libfreetype6_2.13.3+dfsg-1+deb13u1_amd64.deb ...
#5 30.23 Unpacking libfreetype6:amd64 (2.13.3+dfsg-1+deb13u1) ...
#5 28.66 Selecting previously unselected package fonts-dejavu-mono.
#5 28.66 Preparing to unpack .../075-fonts-dejavu-mono_2.37-8_all.deb ...
#5 28.67 Unpacking fonts-dejavu-mono (2.37-8) ...
#5 28.75 Selecting previously unselected package fonts-dejavu-core.
#5 28.75 Preparing to unpack .../076-fonts-dejavu-core_2.37-8_all.deb ...
#5 28.77 Unpacking fonts-dejavu-core (2.37-8) ...
#5 28.85 Selecting previously unselected package fontconfig-config.
#5 28.85 Preparing to unpack .../077-fontconfig-config_2.15.0-2.3_amd64.deb ...
#5 28.86 Unpacking fontconfig-config (2.15.0-2.3) ...
#5 28.92 Selecting previously unselected package libfontconfig1:amd64.
#5 28.92 Preparing to unpack .../078-libfontconfig1_2.15.0-2.3_amd64.deb ...
#5 28.93 Unpacking libfontconfig1:amd64 (2.15.0-2.3) ...
#5 28.99 Selecting previously unselected package libpixman-1-0:amd64.
#5 28.99 Preparing to unpack .../079-libpixman-1-0_0.44.0-3_amd64.deb ...
#5 29.00 Unpacking libpixman-1-0:amd64 (0.44.0-3) ...
#5 29.06 Selecting previously unselected package libxcb-render0:amd64.
#5 29.06 Preparing to unpack .../080-libxcb-render0_1.17.0-2+b1_amd64.deb ...
#5 29.07 Unpacking libxcb-render0:amd64 (1.17.0-2+b1) ...
#5 29.12 Selecting previously unselected package libxcb-shm0:amd64.
#5 29.12 Preparing to unpack .../081-libxcb-shm0_1.17.0-2+b1_amd64.deb ...
#5 29.13 Unpacking libxcb-shm0:amd64 (1.17.0-2+b1) ...
#5 29.18 Selecting previously unselected package libxrender1:amd64.
#5 29.18 Preparing to unpack .../082-libxrender1_1%3a0.9.12-1_amd64.deb ...
#5 29.19 Unpacking libxrender1:amd64 (1:0.9.12-1) ...
#5 29.25 Selecting previously unselected package libcairo2:amd64.
#5 29.25 Preparing to unpack .../083-libcairo2_1.18.4-1+b1_amd64.deb ...
#5 29.27 Unpacking libcairo2:amd64 (1.18.4-1+b1) ...
#5 29.34 Selecting previously unselected package libcodec2-1.2:amd64.
#5 29.34 Preparing to unpack .../084-libcodec2-1.2_1.2.0-3_amd64.deb ...
#5 29.35 Unpacking libcodec2-1.2:amd64 (1.2.0-3) ...
#5 29.59 Selecting previously unselected package libdav1d7:amd64.
#5 29.60 Preparing to unpack .../085-libdav1d7_1.5.1-1_amd64.deb ...
#5 29.60 Unpacking libdav1d7:amd64 (1.5.1-1) ...
#5 29.68 Selecting previously unselected package libglib2.0-0t64:amd64.
#5 29.68 Preparing to unpack .../086-libglib2.0-0t64_2.84.4-3~deb13u3_amd64.deb ...
#5 29.69 Unpacking libglib2.0-0t64:amd64 (2.84.4-3~deb13u3) ...
#5 29.79 Selecting previously unselected package libgsm1:amd64.
#5 29.79 Preparing to unpack .../087-libgsm1_1.0.22-1+b2_amd64.deb ...
#5 29.80 Unpacking libgsm1:amd64 (1.0.22-1+b2) ...
#5 29.86 Selecting previously unselected package libhwy1t64:amd64.
#5 29.86 Preparing to unpack .../088-libhwy1t64_1.2.0-2+b2_amd64.deb ...
#5 29.86 Unpacking libhwy1t64:amd64 (1.2.0-2+b2) ...
#5 29.95 Selecting previously unselected package liblcms2-2:amd64.
#5 29.95 Preparing to unpack .../089-liblcms2-2_2.16-2+deb13u2_amd64.deb ...
#5 29.96 Unpacking liblcms2-2:amd64 (2.16-2+deb13u2) ...
#5 30.02 Selecting previously unselected package libjxl0.11:amd64.
#5 30.02 Preparing to unpack .../090-libjxl0.11_0.11.2-0.1~deb13u1_amd64.deb ...
#5 30.03 Unpacking libjxl0.11:amd64 (0.11.2-0.1~deb13u1) ...
#5 30.11 Selecting previously unselected package libmp3lame0:amd64.
#5 30.11 Preparing to unpack .../091-libmp3lame0_3.100-6+b3_amd64.deb ...
#5 30.12 Unpacking libmp3lame0:amd64 (3.100-6+b3) ...
#5 30.18 Selecting previously unselected package libopenjp2-7:amd64.
#5 30.18 Preparing to unpack .../092-libopenjp2-7_2.5.3-2.1~deb13u2_amd64.deb ...
#5 30.19 Unpacking libopenjp2-7:amd64 (2.5.3-2.1~deb13u2) ...
#5 30.25 Selecting previously unselected package libopus0:amd64.
#5 30.25 Preparing to unpack .../093-libopus0_1.5.2-2_amd64.deb ...
#5 30.26 Unpacking libopus0:amd64 (1.5.2-2) ...
#5 30.38 Selecting previously unselected package librav1e0.7:amd64.
#5 30.38 Preparing to unpack .../094-librav1e0.7_0.7.1-9+b2_amd64.deb ...
#5 30.39 Unpacking librav1e0.7:amd64 (0.7.1-9+b2) ...
#5 30.47 Selecting previously unselected package libcairo-gobject2:amd64.
#5 30.47 Preparing to unpack .../095-libcairo-gobject2_1.18.4-1+b1_amd64.deb ...
#5 30.47 Unpacking libcairo-gobject2:amd64 (1.18.4-1+b1) ...
#5 30.52 Selecting previously unselected package libgdk-pixbuf2.0-common.
#5 30.52 Preparing to unpack .../096-libgdk-pixbuf2.0-common_2.42.12+dfsg-4+deb13u1_all.deb ...
#5 30.53 Unpacking libgdk-pixbuf2.0-common (2.42.12+dfsg-4+deb13u1) ...
#5 30.59 Selecting previously unselected package libxml2:amd64.
#5 30.60 Preparing to unpack .../097-libxml2_2.12.7+dfsg+really2.9.14-2.1+deb13u2_amd64.deb ...
#5 30.60 Unpacking libxml2:amd64 (2.12.7+dfsg+really2.9.14-2.1+deb13u2) ...
#5 30.68 Selecting previously unselected package shared-mime-info.
#5 30.68 Preparing to unpack .../098-shared-mime-info_2.4-5+b2_amd64.deb ...
#5 30.69 Unpacking shared-mime-info (2.4-5+b2) ...
#5 30.78 Selecting previously unselected package libjpeg62-turbo:amd64.
#5 30.78 Preparing to unpack .../099-libjpeg62-turbo_1%3a2.1.5-4_amd64.deb ...
#5 30.79 Unpacking libjpeg62-turbo:amd64 (1:2.1.5-4) ...
#5 30.85 Selecting previously unselected package libdeflate0:amd64.
#5 30.85 Preparing to unpack .../100-libdeflate0_1.23-2_amd64.deb ...
#5 30.86 Unpacking libdeflate0:amd64 (1.23-2) ...
#5 30.92 Selecting previously unselected package libjbig0:amd64.
#5 30.92 Preparing to unpack .../101-libjbig0_2.1-6.1+b2_amd64.deb ...
#5 30.92 Unpacking libjbig0:amd64 (2.1-6.1+b2) ...
#5 30.98 Selecting previously unselected package liblerc4:amd64.
#5 30.98 Preparing to unpack .../102-liblerc4_4.0.0+ds-5_amd64.deb ...
#5 30.99 Unpacking liblerc4:amd64 (4.0.0+ds-5) ...
#5 31.04 Selecting previously unselected package libsharpyuv0:amd64.
#5 31.04 Preparing to unpack .../103-libsharpyuv0_1.5.0-0.1_amd64.deb ...
#5 31.05 Unpacking libsharpyuv0:amd64 (1.5.0-0.1) ...
#5 31.10 Selecting previously unselected package libwebp7:amd64.
#5 31.10 Preparing to unpack .../104-libwebp7_1.5.0-0.1_amd64.deb ...
#5 31.11 Unpacking libwebp7:amd64 (1.5.0-0.1) ...
#5 31.17 Selecting previously unselected package libtiff6:amd64.
#5 31.17 Preparing to unpack .../105-libtiff6_4.7.0-3+deb13u2_amd64.deb ...
#5 31.17 Unpacking libtiff6:amd64 (4.7.0-3+deb13u2) ...
#5 31.24 Selecting previously unselected package libgdk-pixbuf-2.0-0:amd64.
#5 31.24 Preparing to unpack .../106-libgdk-pixbuf-2.0-0_2.42.12+dfsg-4+deb13u1_amd64.deb ...
#5 31.25 Unpacking libgdk-pixbuf-2.0-0:amd64 (2.42.12+dfsg-4+deb13u1) ...
#5 31.31 Selecting previously unselected package fontconfig.
#5 31.32 Preparing to unpack .../107-fontconfig_2.15.0-2.3_amd64.deb ...
#5 31.32 Unpacking fontconfig (2.15.0-2.3) ...
#5 31.38 Selecting previously unselected package libfribidi0:amd64.
#5 31.38 Preparing to unpack .../108-libfribidi0_1.0.16-1_amd64.deb ...
#5 31.39 Unpacking libfribidi0:amd64 (1.0.16-1) ...
#5 31.44 Selecting previously unselected package libgraphite2-3:amd64.
#5 31.45 Preparing to unpack .../109-libgraphite2-3_1.3.14-2+b1_amd64.deb ...
#5 31.45 Unpacking libgraphite2-3:amd64 (1.3.14-2+b1) ...
#5 31.51 Selecting previously unselected package libharfbuzz0b:amd64.
#5 31.51 Preparing to unpack .../110-libharfbuzz0b_10.2.0-1+deb13u1_amd64.deb ...
#5 31.52 Unpacking libharfbuzz0b:amd64 (10.2.0-1+deb13u1) ...
#5 31.58 Selecting previously unselected package libthai-data.
#5 31.58 Preparing to unpack .../111-libthai-data_0.1.29-2_all.deb ...
#5 31.59 Unpacking libthai-data (0.1.29-2) ...
#5 31.65 Selecting previously unselected package libdatrie1:amd64.
#5 31.65 Preparing to unpack .../112-libdatrie1_0.2.13-3+b1_amd64.deb ...
#5 31.65 Unpacking libdatrie1:amd64 (0.2.13-3+b1) ...
#5 31.71 Selecting previously unselected package libthai0:amd64.
#5 31.71 Preparing to unpack .../113-libthai0_0.1.29-2+b1_amd64.deb ...
#5 31.72 Unpacking libthai0:amd64 (0.1.29-2+b1) ...
#5 31.77 Selecting previously unselected package libpango-1.0-0:amd64.
#5 31.77 Preparing to unpack .../114-libpango-1.0-0_1.56.3-1_amd64.deb ...
#5 31.78 Unpacking libpango-1.0-0:amd64 (1.56.3-1) ...
#5 31.84 Selecting previously unselected package libpangoft2-1.0-0:amd64.
#5 31.84 Preparing to unpack .../115-libpangoft2-1.0-0_1.56.3-1_amd64.deb ...
#5 31.85 Unpacking libpangoft2-1.0-0:amd64 (1.56.3-1) ...
#5 31.90 Selecting previously unselected package libpangocairo-1.0-0:amd64.
#5 31.91 Preparing to unpack .../116-libpangocairo-1.0-0_1.56.3-1_amd64.deb ...
#5 31.91 Unpacking libpangocairo-1.0-0:amd64 (1.56.3-1) ...
#5 31.97 Selecting previously unselected package librsvg2-2:amd64.
#5 31.97 Preparing to unpack .../117-librsvg2-2_2.60.0+dfsg-1_amd64.deb ...
#5 31.98 Unpacking librsvg2-2:amd64 (2.60.0+dfsg-1) ...
#5 32.09 Selecting previously unselected package libshine3:amd64.
#5 32.09 Preparing to unpack .../118-libshine3_3.1.1-2+b2_amd64.deb ...
#5 32.09 Unpacking libshine3:amd64 (3.1.1-2+b2) ...
#5 32.14 Selecting previously unselected package libsnappy1v5:amd64.
#5 32.15 Preparing to unpack .../119-libsnappy1v5_1.2.2-1_amd64.deb ...
#5 32.15 Unpacking libsnappy1v5:amd64 (1.2.2-1) ...
#5 32.21 Selecting previously unselected package libspeex1:amd64.
#5 32.21 Preparing to unpack .../120-libspeex1_1.2.1-3_amd64.deb ...
#5 32.22 Unpacking libspeex1:amd64 (1.2.1-3) ...
#5 32.27 Selecting previously unselected package libsvtav1enc2:amd64.
#5 32.27 Preparing to unpack .../121-libsvtav1enc2_2.3.0+dfsg-1_amd64.deb ...
#5 32.28 Unpacking libsvtav1enc2:amd64 (2.3.0+dfsg-1) ...
#5 32.41 Selecting previously unselected package libsoxr0:amd64.
#5 32.41 Preparing to unpack .../122-libsoxr0_0.1.3-4+b2_amd64.deb ...
#5 32.42 Unpacking libsoxr0:amd64 (0.1.3-4+b2) ...
#5 32.48 Selecting previously unselected package libswresample5:amd64.
#5 32.48 Preparing to unpack .../123-libswresample5_7%3a7.1.4-0+deb13u1_amd64.deb ...
#5 32.48 Unpacking libswresample5:amd64 (7:7.1.4-0+deb13u1) ...
#5 32.54 Selecting previously unselected package libtheoradec1:amd64.
#5 32.54 Preparing to unpack .../124-libtheoradec1_1.2.0~alpha1+dfsg-6_amd64.deb ...
#5 32.55 Unpacking libtheoradec1:amd64 (1.2.0~alpha1+dfsg-6) ...
#5 32.61 Selecting previously unselected package libogg0:amd64.
#5 32.61 Preparing to unpack .../125-libogg0_1.3.5-3+b2_amd64.deb ...
#5 32.61 Unpacking libogg0:amd64 (1.3.5-3+b2) ...
#5 32.67 Selecting previously unselected package libtheoraenc1:amd64.
#5 32.67 Preparing to unpack .../126-libtheoraenc1_1.2.0~alpha1+dfsg-6_amd64.deb ...
#5 32.68 Unpacking libtheoraenc1:amd64 (1.2.0~alpha1+dfsg-6) ...
#5 32.74 Selecting previously unselected package libtwolame0:amd64.
#5 32.74 Preparing to unpack .../127-libtwolame0_0.4.0-2+b2_amd64.deb ...
#5 32.74 Unpacking libtwolame0:amd64 (0.4.0-2+b2) ...
#5 32.80 Selecting previously unselected package libvorbis0a:amd64.
#5 32.80 Preparing to unpack .../128-libvorbis0a_1.3.7-3_amd64.deb ...
#5 32.81 Unpacking libvorbis0a:amd64 (1.3.7-3) ...
#5 32.86 Selecting previously unselected package libvorbisenc2:amd64.
#5 32.86 Preparing to unpack .../129-libvorbisenc2_1.3.7-3_amd64.deb ...
#5 32.87 Unpacking libvorbisenc2:amd64 (1.3.7-3) ...
#5 32.93 Selecting previously unselected package libvpx9:amd64.
#5 32.93 Preparing to unpack .../130-libvpx9_1.15.0-2.1+deb13u1_amd64.deb ...
#5 32.94 Unpacking libvpx9:amd64 (1.15.0-2.1+deb13u1) ...
#5 33.02 Selecting previously unselected package libwebpmux3:amd64.
#5 33.02 Preparing to unpack .../131-libwebpmux3_1.5.0-0.1_amd64.deb ...
#5 33.03 Unpacking libwebpmux3:amd64 (1.5.0-0.1) ...
#5 33.09 Selecting previously unselected package libx264-164:amd64.
#5 33.09 Preparing to unpack .../132-libx264-164_2%3a0.164.3108+git31e19f9-2+b1_amd64.deb ...
#5 33.09 Unpacking libx264-164:amd64 (2:0.164.3108+git31e19f9-2+b1) ...
#5 33.17 Selecting previously unselected package libnuma1:amd64.
#5 33.17 Preparing to unpack .../133-libnuma1_2.0.19-1_amd64.deb ...
#5 33.18 Unpacking libnuma1:amd64 (2.0.19-1) ...
#5 33.23 Selecting previously unselected package libx265-215:amd64.
#5 33.23 Preparing to unpack .../134-libx265-215_4.1-2_amd64.deb ...
#5 33.24 Unpacking libx265-215:amd64 (4.1-2) ...
#5 33.36 Selecting previously unselected package libxvidcore4:amd64.
#5 33.36 Preparing to unpack .../135-libxvidcore4_2%3a1.3.7-1+b2_amd64.deb ...
#5 33.37 Unpacking libxvidcore4:amd64 (2:1.3.7-1+b2) ...
#5 33.42 Selecting previously unselected package libzvbi-common.
#5 33.43 Preparing to unpack .../136-libzvbi-common_0.2.44-1_all.deb ...
#5 33.43 Unpacking libzvbi-common (0.2.44-1) ...
#5 33.49 Selecting previously unselected package libzvbi0t64:amd64.
#5 33.49 Preparing to unpack .../137-libzvbi0t64_0.2.44-1_amd64.deb ...
#5 33.50 Unpacking libzvbi0t64:amd64 (0.2.44-1) ...
#5 33.56 Selecting previously unselected package libavcodec61:amd64.
#5 33.56 Preparing to unpack .../138-libavcodec61_7%3a7.1.4-0+deb13u1_amd64.deb ...
#5 33.57 Unpacking libavcodec61:amd64 (7:7.1.4-0+deb13u1) ...
#5 33.79 Selecting previously unselected package libasound2-data.
#5 33.79 Preparing to unpack .../139-libasound2-data_1.2.14-1_all.deb ...
#5 33.80 Unpacking libasound2-data (1.2.14-1) ...
#5 33.94 Selecting previously unselected package libasound2t64:amd64.
#5 33.94 Preparing to unpack .../140-libasound2t64_1.2.14-1_amd64.deb ...
#5 33.95 Unpacking libasound2t64:amd64 (1.2.14-1) ...
#5 34.01 Selecting previously unselected package libraw1394-11:amd64.
#5 34.01 Preparing to unpack .../141-libraw1394-11_2.1.2-2+b2_amd64.deb ...
#5 34.02 Unpacking libraw1394-11:amd64 (2.1.2-2+b2) ...
#5 34.08 Selecting previously unselected package libavc1394-0:amd64.
#5 34.08 Preparing to unpack .../142-libavc1394-0_0.5.4-5+b2_amd64.deb ...
#5 34.08 Unpacking libavc1394-0:amd64 (0.5.4-5+b2) ...
#5 34.14 Selecting previously unselected package libunibreak6:amd64.
#5 34.14 Preparing to unpack .../143-libunibreak6_6.1-3_amd64.deb ...
#5 34.15 Unpacking libunibreak6:amd64 (6.1-3) ...
#5 34.20 Selecting previously unselected package libass9:amd64.
#5 34.21 Preparing to unpack .../144-libass9_1%3a0.17.3-1+b1_amd64.deb ...
#5 34.21 Unpacking libass9:amd64 (1:0.17.3-1+b1) ...
#5 34.27 Selecting previously unselected package libudfread0:amd64.
#5 34.27 Preparing to unpack .../145-libudfread0_1.1.2-1+b2_amd64.deb ...
#5 34.28 Unpacking libudfread0:amd64 (1.1.2-1+b2) ...
#5 34.33 Selecting previously unselected package libbluray2:amd64.
#5 34.34 Preparing to unpack .../146-libbluray2_1%3a1.3.4-1+b2_amd64.deb ...
#5 34.34 Unpacking libbluray2:amd64 (1:1.3.4-1+b2) ...
#5 34.40 Selecting previously unselected package libchromaprint1:amd64.
#5 34.41 Preparing to unpack .../147-libchromaprint1_1.5.1-7_amd64.deb ...
#5 34.41 Unpacking libchromaprint1:amd64 (1.5.1-7) ...
#5 34.47 Selecting previously unselected package libdvdread8t64:amd64.
#5 34.47 Preparing to unpack .../148-libdvdread8t64_6.1.3-2_amd64.deb ...
#5 34.48 Unpacking libdvdread8t64:amd64 (6.1.3-2) ...
#5 34.54 Selecting previously unselected package libdvdnav4:amd64.
#5 34.54 Preparing to unpack .../149-libdvdnav4_6.1.1-3+b1_amd64.deb ...
#5 34.54 Unpacking libdvdnav4:amd64 (6.1.1-3+b1) ...
#5 34.60 Selecting previously unselected package libgme0:amd64.
#5 34.60 Preparing to unpack .../150-libgme0_0.6.3-7+b2_amd64.deb ...
#5 34.61 Unpacking libgme0:amd64 (0.6.3-7+b2) ...
#5 34.67 Selecting previously unselected package libunistring5:amd64.
#5 34.67 Preparing to unpack .../151-libunistring5_1.3-2_amd64.deb ...
#5 34.68 Unpacking libunistring5:amd64 (1.3-2) ...
#5 34.75 Selecting previously unselected package libidn2-0:amd64.
#5 34.75 Preparing to unpack .../152-libidn2-0_2.3.8-2_amd64.deb ...
#5 34.76 Unpacking libidn2-0:amd64 (2.3.8-2) ...
#5 34.82 Selecting previously unselected package libp11-kit0:amd64.
#5 34.82 Preparing to unpack .../153-libp11-kit0_0.25.5-3_amd64.deb ...
#5 34.83 Unpacking libp11-kit0:amd64 (0.25.5-3) ...
#5 34.90 Selecting previously unselected package libtasn1-6:amd64.
#5 34.90 Preparing to unpack .../154-libtasn1-6_4.20.0-2_amd64.deb ...
#5 34.90 Unpacking libtasn1-6:amd64 (4.20.0-2) ...
#5 34.96 Selecting previously unselected package libgnutls30t64:amd64.
#5 34.96 Preparing to unpack .../155-libgnutls30t64_3.8.9-3+deb13u4_amd64.deb ...
#5 34.97 Unpacking libgnutls30t64:amd64 (3.8.9-3+deb13u4) ...
#5 35.05 Selecting previously unselected package libmpg123-0t64:amd64.
#5 35.05 Preparing to unpack .../156-libmpg123-0t64_1.32.10-1+deb13u1_amd64.deb ...
#5 35.06 Unpacking libmpg123-0t64:amd64 (1.32.10-1+deb13u1) ...
#5 35.12 Selecting previously unselected package libvorbisfile3:amd64.
#5 35.12 Preparing to unpack .../157-libvorbisfile3_1.3.7-3_amd64.deb ...
#5 35.13 Unpacking libvorbisfile3:amd64 (1.3.7-3) ...
#5 35.18 Selecting previously unselected package libopenmpt0t64:amd64.
#5 35.18 Preparing to unpack .../158-libopenmpt0t64_0.7.13-1+b1_amd64.deb ...
#5 35.19 Unpacking libopenmpt0t64:amd64 (0.7.13-1+b1) ...
#5 35.27 Selecting previously unselected package librabbitmq4:amd64.
#5 35.27 Preparing to unpack .../159-librabbitmq4_0.15.0-1_amd64.deb ...
#5 35.28 Unpacking librabbitmq4:amd64 (0.15.0-1) ...
#5 35.33 Selecting previously unselected package libcjson1:amd64.
#5 35.33 Preparing to unpack .../160-libcjson1_1.7.18-3.1+deb13u1_amd64.deb ...
#5 35.34 Unpacking libcjson1:amd64 (1.7.18-3.1+deb13u1) ...
#5 35.40 Selecting previously unselected package libmbedcrypto16:amd64.
#5 35.40 Preparing to unpack .../161-libmbedcrypto16_3.6.5-0.1~deb13u1_amd64.deb ...
#5 35.40 Unpacking libmbedcrypto16:amd64 (3.6.5-0.1~deb13u1) ...
#5 35.47 Selecting previously unselected package librist4:amd64.
#5 35.47 Preparing to unpack .../162-librist4_0.2.11+dfsg-1_amd64.deb ...
#5 35.48 Unpacking librist4:amd64 (0.2.11+dfsg-1) ...
#5 35.53 Selecting previously unselected package libsrt1.5-gnutls:amd64.
#5 35.53 Preparing to unpack .../163-libsrt1.5-gnutls_1.5.4-1_amd64.deb ...
#5 35.53 Unpacking libsrt1.5-gnutls:amd64 (1.5.4-1) ...
#5 35.60 Selecting previously unselected package libkrb5support0:amd64.
#5 35.60 Preparing to unpack .../164-libkrb5support0_1.21.3-5+deb13u1_amd64.deb ...
#5 35.61 Unpacking libkrb5support0:amd64 (1.21.3-5+deb13u1) ...
#5 35.66 Selecting previously unselected package libcom-err2:amd64.
#5 35.67 Preparing to unpack .../165-libcom-err2_1.47.2-3+b11_amd64.deb ...
#5 35.67 Unpacking libcom-err2:amd64 (1.47.2-3+b11) ...
#5 35.73 Selecting previously unselected package libk5crypto3:amd64.
#5 35.73 Preparing to unpack .../166-libk5crypto3_1.21.3-5+deb13u1_amd64.deb ...
#5 35.74 Unpacking libk5crypto3:amd64 (1.21.3-5+deb13u1) ...
#5 35.81 Selecting previously unselected package libkeyutils1:amd64.
#5 35.81 Preparing to unpack .../167-libkeyutils1_1.6.3-6_amd64.deb ...
#5 35.82 Unpacking libkeyutils1:amd64 (1.6.3-6) ...
#5 35.87 Selecting previously unselected package libkrb5-3:amd64.
#5 35.88 Preparing to unpack .../168-libkrb5-3_1.21.3-5+deb13u1_amd64.deb ...
#5 35.88 Unpacking libkrb5-3:amd64 (1.21.3-5+deb13u1) ...
#5 35.95 Selecting previously unselected package libgssapi-krb5-2:amd64.
#5 35.95 Preparing to unpack .../169-libgssapi-krb5-2_1.21.3-5+deb13u1_amd64.deb ...
#5 35.96 Unpacking libgssapi-krb5-2:amd64 (1.21.3-5+deb13u1) ...
#5 36.02 Selecting previously unselected package libssh-4:amd64.
#5 36.02 Preparing to unpack .../170-libssh-4_0.11.2-1+deb13u1_amd64.deb ...
#5 36.03 Unpacking libssh-4:amd64 (0.11.2-1+deb13u1) ...
#5 36.09 Selecting previously unselected package libnorm1t64:amd64.
#5 36.09 Preparing to unpack .../171-libnorm1t64_1.5.9+dfsg-3.1+b2_amd64.deb ...
#5 36.10 Unpacking libnorm1t64:amd64 (1.5.9+dfsg-3.1+b2) ...
#5 36.16 Selecting previously unselected package libpgm-5.3-0t64:amd64.
#5 36.16 Preparing to unpack .../172-libpgm-5.3-0t64_5.3.128~dfsg-2.1+b1_amd64.deb ...
#5 36.17 Unpacking libpgm-5.3-0t64:amd64 (5.3.128~dfsg-2.1+b1) ...
#5 36.23 Selecting previously unselected package libsodium23:amd64.
#5 36.23 Preparing to unpack .../173-libsodium23_1.0.18-1+deb13u1_amd64.deb ...
#5 36.24 Unpacking libsodium23:amd64 (1.0.18-1+deb13u1) ...
#5 36.30 Selecting previously unselected package libzmq5:amd64.
#5 36.30 Preparing to unpack .../174-libzmq5_4.3.5-1+b3_amd64.deb ...
#5 36.30 Unpacking libzmq5:amd64 (4.3.5-1+b3) ...
#5 36.37 Selecting previously unselected package libavformat61:amd64.
#5 36.37 Preparing to unpack .../175-libavformat61_7%3a7.1.4-0+deb13u1_amd64.deb ...
#5 36.38 Unpacking libavformat61:amd64 (7:7.1.4-0+deb13u1) ...
#5 36.47 Selecting previously unselected package libbs2b0:amd64.
#5 36.47 Preparing to unpack .../176-libbs2b0_3.1.0+dfsg-8+b1_amd64.deb ...
#5 36.48 Unpacking libbs2b0:amd64 (3.1.0+dfsg-8+b1) ...
#5 36.54 Selecting previously unselected package libflite1:amd64.
#5 36.54 Preparing to unpack .../177-libflite1_2.2-7_amd64.deb ...
#5 36.55 Unpacking libflite1:amd64 (2.2-7) ...
#5 36.90 Selecting previously unselected package libserd-0-0:amd64.
#5 36.90 Preparing to unpack .../178-libserd-0-0_0.32.4-1_amd64.deb ...
#5 36.91 Unpacking libserd-0-0:amd64 (0.32.4-1) ...
#5 36.96 Selecting previously unselected package libzix-0-0:amd64.
#5 36.96 Preparing to unpack .../179-libzix-0-0_0.6.2-1_amd64.deb ...
#5 36.97 Unpacking libzix-0-0:amd64 (0.6.2-1) ...
#5 37.03 Selecting previously unselected package libsord-0-0:amd64.
#5 37.03 Preparing to unpack .../180-libsord-0-0_0.16.18-1_amd64.deb ...
#5 37.04 Unpacking libsord-0-0:amd64 (0.16.18-1) ...
#5 37.09 Selecting previously unselected package libsratom-0-0:amd64.
#5 37.09 Preparing to unpack .../181-libsratom-0-0_0.6.18-1_amd64.deb ...
#5 37.10 Unpacking libsratom-0-0:amd64 (0.6.18-1) ...
#5 37.16 Selecting previously unselected package liblilv-0-0:amd64.
#5 37.16 Preparing to unpack .../182-liblilv-0-0_0.24.26-1_amd64.deb ...
#5 37.17 Unpacking liblilv-0-0:amd64 (0.24.26-1) ...
#5 37.22 Selecting previously unselected package libmysofa1:amd64.
#5 37.23 Preparing to unpack .../183-libmysofa1_1.3.3+dfsg-1_amd64.deb ...
#5 37.23 Unpacking libmysofa1:amd64 (1.3.3+dfsg-1) ...
#5 37.30 Selecting previously unselected package libvulkan1:amd64.
#5 37.30 Preparing to unpack .../184-libvulkan1_1.4.309.0-1_amd64.deb ...
#5 37.31 Unpacking libvulkan1:amd64 (1.4.309.0-1) ...
#5 37.37 Selecting previously unselected package libplacebo349:amd64.
#5 37.37 Preparing to unpack .../185-libplacebo349_7.349.0-3_amd64.deb ...
#5 37.38 Unpacking libplacebo349:amd64 (7.349.0-3) ...
#5 37.52 Selecting previously unselected package libblas3:amd64.
#5 37.52 Preparing to unpack .../186-libblas3_3.12.1-6_amd64.deb ...
#5 37.53 Unpacking libblas3:amd64 (3.12.1-6) ...
#5 37.59 Selecting previously unselected package libgfortran5:amd64.
#5 37.59 Preparing to unpack .../187-libgfortran5_14.2.0-19_amd64.deb ...
#5 37.60 Unpacking libgfortran5:amd64 (14.2.0-19) ...
#5 37.69 Selecting previously unselected package liblapack3:amd64.
#5 37.69 Preparing to unpack .../188-liblapack3_3.12.1-6_amd64.deb ...
#5 37.70 Unpacking liblapack3:amd64 (3.12.1-6) ...
#5 37.82 Selecting previously unselected package libasyncns0:amd64.
#5 37.82 Preparing to unpack .../189-libasyncns0_0.8-6+b5_amd64.deb ...
#5 37.83 Unpacking libasyncns0:amd64 (0.8-6+b5) ...
#5 37.88 Selecting previously unselected package libdbus-1-3:amd64.
#5 37.88 Preparing to unpack .../190-libdbus-1-3_1.16.2-2_amd64.deb ...
#5 37.89 Unpacking libdbus-1-3:amd64 (1.16.2-2) ...
#5 37.95 Selecting previously unselected package libflac14:amd64.
#5 37.95 Preparing to unpack .../191-libflac14_1.5.0+ds-2_amd64.deb ...
#5 37.96 Unpacking libflac14:amd64 (1.5.0+ds-2) ...
#5 38.02 Selecting previously unselected package libsndfile1:amd64.
#5 38.02 Preparing to unpack .../192-libsndfile1_1.2.2-2+deb13u1_amd64.deb ...
#5 38.03 Unpacking libsndfile1:amd64 (1.2.2-2+deb13u1) ...
#5 38.09 Selecting previously unselected package libpulse0:amd64.
#5 38.09 Preparing to unpack .../193-libpulse0_17.0+dfsg1-2+b1_amd64.deb ...
#5 38.10 Unpacking libpulse0:amd64 (17.0+dfsg1-2+b1) ...
#5 38.17 Selecting previously unselected package libsphinxbase3t64:amd64.
#5 38.17 Preparing to unpack .../194-libsphinxbase3t64_0.8+5prealpha+1-21+b1_amd64.deb ...
#5 38.17 Unpacking libsphinxbase3t64:amd64 (0.8+5prealpha+1-21+b1) ...
#5 38.23 Selecting previously unselected package libpocketsphinx3:amd64.
#5 38.23 Preparing to unpack .../195-libpocketsphinx3_0.8+5prealpha+1-15+b4_amd64.deb ...
#5 38.24 Unpacking libpocketsphinx3:amd64 (0.8+5prealpha+1-15+b4) ...
#5 38.29 Selecting previously unselected package libpostproc58:amd64.
#5 38.30 Preparing to unpack .../196-libpostproc58_7%3a7.1.4-0+deb13u1_amd64.deb ...
#5 38.30 Unpacking libpostproc58:amd64 (7:7.1.4-0+deb13u1) ...
#5 38.36 Selecting previously unselected package libfftw3-double3:amd64.
#5 38.36 Preparing to unpack .../197-libfftw3-double3_3.3.10-2+b1_amd64.deb ...
#5 38.37 Unpacking libfftw3-double3:amd64 (3.3.10-2+b1) ...
#5 38.44 Selecting previously unselected package libsamplerate0:amd64.
#5 38.44 Preparing to unpack .../198-libsamplerate0_0.2.2-4+b2_amd64.deb ...
#5 38.45 Unpacking libsamplerate0:amd64 (0.2.2-4+b2) ...
#5 38.53 Selecting previously unselected package librubberband2:amd64.
#5 38.53 Preparing to unpack .../199-librubberband2_3.3.0+dfsg-2+b3_amd64.deb ...
#5 38.54 Unpacking librubberband2:amd64 (3.3.0+dfsg-2+b3) ...
#5 38.60 Selecting previously unselected package libswscale8:amd64.
#5 38.60 Preparing to unpack .../200-libswscale8_7%3a7.1.4-0+deb13u1_amd64.deb ...
#5 38.61 Unpacking libswscale8:amd64 (7:7.1.4-0+deb13u1) ...
#5 38.67 Selecting previously unselected package libvidstab1.1:amd64.
#5 38.67 Preparing to unpack .../201-libvidstab1.1_1.1.0-2+b2_amd64.deb ...
#5 38.67 Unpacking libvidstab1.1:amd64 (1.1.0-2+b2) ...
#5 38.73 Selecting previously unselected package libzimg2:amd64.
#5 38.73 Preparing to unpack .../202-libzimg2_3.0.5+ds1-1+b2_amd64.deb ...
#5 38.74 Unpacking libzimg2:amd64 (3.0.5+ds1-1+b2) ...
#5 38.80 Selecting previously unselected package libavfilter10:amd64.
#5 38.81 Preparing to unpack .../203-libavfilter10_7%3a7.1.4-0+deb13u1_amd64.deb ...
#5 38.81 Unpacking libavfilter10:amd64 (7:7.1.4-0+deb13u1) ...
#5 38.99 Selecting previously unselected package libslang2:amd64.
#5 39.00 Preparing to unpack .../204-libslang2_2.3.3-5+b2_amd64.deb ...
#5 39.00 Unpacking libslang2:amd64 (2.3.3-5+b2) ...
#5 39.07 Selecting previously unselected package libcaca0:amd64.
#5 39.07 Preparing to unpack .../205-libcaca0_0.99.beta20-5_amd64.deb ...
#5 39.08 Unpacking libcaca0:amd64 (0.99.beta20-5) ...
#5 39.14 Selecting previously unselected package libcdio19t64:amd64.
#5 39.14 Preparing to unpack .../206-libcdio19t64_2.2.0-4.1~deb13u1_amd64.deb ...
#5 39.15 Unpacking libcdio19t64:amd64 (2.2.0-4.1~deb13u1) ...
#5 39.21 Selecting previously unselected package libcdio-cdda2t64:amd64.
#5 39.21 Preparing to unpack .../207-libcdio-cdda2t64_10.2+2.0.2-1+b1_amd64.deb ...
#5 39.22 Unpacking libcdio-cdda2t64:amd64 (10.2+2.0.2-1+b1) ...
#5 39.27 Selecting previously unselected package libcdio-paranoia2t64:amd64.
#5 39.28 Preparing to unpack .../208-libcdio-paranoia2t64_10.2+2.0.2-1+b1_amd64.deb ...
#5 39.28 Unpacking libcdio-paranoia2t64:amd64 (10.2+2.0.2-1+b1) ...
#5 39.34 Selecting previously unselected package libusb-1.0-0:amd64.
#5 39.34 Preparing to unpack .../209-libusb-1.0-0_2%3a1.0.28-1_amd64.deb ...
#5 39.35 Unpacking libusb-1.0-0:amd64 (2:1.0.28-1) ...
#5 39.40 Selecting previously unselected package libdc1394-25:amd64.
#5 39.41 Preparing to unpack .../210-libdc1394-25_2.2.6-5_amd64.deb ...
#5 39.41 Unpacking libdc1394-25:amd64 (2.2.6-5) ...
#5 39.47 Selecting previously unselected package libglvnd0:amd64.
#5 39.47 Preparing to unpack .../211-libglvnd0_1.7.0-1+b2_amd64.deb ...
#5 39.48 Unpacking libglvnd0:amd64 (1.7.0-1+b2) ...
#5 39.54 Selecting previously unselected package libxcb-glx0:amd64.
#5 39.54 Preparing to unpack .../212-libxcb-glx0_1.17.0-2+b1_amd64.deb ...
#5 39.55 Unpacking libxcb-glx0:amd64 (1.17.0-2+b1) ...
#5 39.61 Selecting previously unselected package libxcb-present0:amd64.
#5 39.61 Preparing to unpack .../213-libxcb-present0_1.17.0-2+b1_amd64.deb ...
#5 39.62 Unpacking libxcb-present0:amd64 (1.17.0-2+b1) ...
#5 39.68 Selecting previously unselected package libxcb-xfixes0:amd64.
#5 39.68 Preparing to unpack .../214-libxcb-xfixes0_1.17.0-2+b1_amd64.deb ...
#5 39.69 Unpacking libxcb-xfixes0:amd64 (1.17.0-2+b1) ...
#5 39.76 Selecting previously unselected package libxxf86vm1:amd64.
#5 39.76 Preparing to unpack .../215-libxxf86vm1_1%3a1.1.4-1+b4_amd64.deb ...
#5 39.77 Unpacking libxxf86vm1:amd64 (1:1.1.4-1+b4) ...
#5 39.83 Selecting previously unselected package libdrm-amdgpu1:amd64.
#5 39.83 Preparing to unpack .../216-libdrm-amdgpu1_2.4.124-2_amd64.deb ...
#5 39.83 Unpacking libdrm-amdgpu1:amd64 (2.4.124-2) ...
#5 39.89 Selecting previously unselected package libpciaccess0:amd64.
#5 39.89 Preparing to unpack .../217-libpciaccess0_0.17-3+b3_amd64.deb ...
#5 39.90 Unpacking libpciaccess0:amd64 (0.17-3+b3) ...
#5 39.96 Selecting previously unselected package libdrm-intel1:amd64.
#5 39.96 Preparing to unpack .../218-libdrm-intel1_2.4.124-2_amd64.deb ...
#5 39.96 Unpacking libdrm-intel1:amd64 (2.4.124-2) ...
#5 40.03 Selecting previously unselected package libelf1t64:amd64.
#5 40.04 Preparing to unpack .../219-libelf1t64_0.192-4_amd64.deb ...
#5 40.04 Unpacking libelf1t64:amd64 (0.192-4) ...
#5 40.10 Selecting previously unselected package libedit2:amd64.
#5 40.11 Preparing to unpack .../220-libedit2_3.1-20250104-1_amd64.deb ...
#5 40.11 Unpacking libedit2:amd64 (3.1-20250104-1) ...
#5 40.17 Selecting previously unselected package libz3-4:amd64.
#5 40.17 Preparing to unpack .../221-libz3-4_4.13.3-1_amd64.deb ...
#5 40.18 Unpacking libz3-4:amd64 (4.13.3-1) ...
#5 40.49 Selecting previously unselected package libllvm19:amd64.
#5 40.49 Preparing to unpack .../222-libllvm19_1%3a19.1.7-3+b1_amd64.deb ...
#5 40.50 Unpacking libllvm19:amd64 (1:19.1.7-3+b1) ...
#5 41.10 Selecting previously unselected package libsensors-config.
#5 41.10 Preparing to unpack .../223-libsensors-config_1%3a3.6.2-2_all.deb ...
#5 41.10 Unpacking libsensors-config (1:3.6.2-2) ...
#5 41.16 Selecting previously unselected package libsensors5:amd64.
#5 41.16 Preparing to unpack .../224-libsensors5_1%3a3.6.2-2_amd64.deb ...
#5 41.17 Unpacking libsensors5:amd64 (1:3.6.2-2) ...
#5 41.23 Selecting previously unselected package libxcb-randr0:amd64.
#5 41.23 Preparing to unpack .../225-libxcb-randr0_1.17.0-2+b1_amd64.deb ...
#5 41.24 Unpacking libxcb-randr0:amd64 (1.17.0-2+b1) ...
#5 41.29 Selecting previously unselected package libxcb-sync1:amd64.
#5 41.30 Preparing to unpack .../226-libxcb-sync1_1.17.0-2+b1_amd64.deb ...
#5 41.30 Unpacking libxcb-sync1:amd64 (1.17.0-2+b1) ...
#5 41.36 Selecting previously unselected package libxshmfence1:amd64.
#5 41.36 Preparing to unpack .../227-libxshmfence1_1.3.3-1_amd64.deb ...
#5 41.37 Unpacking libxshmfence1:amd64 (1.3.3-1) ...
#5 41.42 Selecting previously unselected package mesa-libgallium:amd64.
#5 41.43 Preparing to unpack .../228-mesa-libgallium_25.0.7-2_amd64.deb ...
#5 41.43 Unpacking mesa-libgallium:amd64 (25.0.7-2) ...
#5 41.76 Selecting previously unselected package libwayland-server0:amd64.
#5 41.77 Preparing to unpack .../229-libwayland-server0_1.23.1-3_amd64.deb ...
#5 41.77 Unpacking libwayland-server0:amd64 (1.23.1-3) ...
#5 41.83 Selecting previously unselected package libgbm1:amd64.
#5 41.83 Preparing to unpack .../230-libgbm1_25.0.7-2_amd64.deb ...
#5 41.84 Unpacking libgbm1:amd64 (25.0.7-2) ...
#5 41.90 Selecting previously unselected package libgl1-mesa-dri:amd64.
#5 41.90 Preparing to unpack .../231-libgl1-mesa-dri_25.0.7-2_amd64.deb ...
#5 41.92 Unpacking libgl1-mesa-dri:amd64 (25.0.7-2) ...
#5 41.98 Selecting previously unselected package libglx-mesa0:amd64.
#5 41.98 Preparing to unpack .../232-libglx-mesa0_25.0.7-2_amd64.deb ...
#5 41.98 Unpacking libglx-mesa0:amd64 (25.0.7-2) ...
#5 42.05 Selecting previously unselected package libglx0:amd64.
#5 42.05 Preparing to unpack .../233-libglx0_1.7.0-1+b2_amd64.deb ...
#5 42.06 Unpacking libglx0:amd64 (1.7.0-1+b2) ...
#5 42.12 Selecting previously unselected package libgl1:amd64.
#5 42.12 Preparing to unpack .../234-libgl1_1.7.0-1+b2_amd64.deb ...
#5 42.13 Unpacking libgl1:amd64 (1.7.0-1+b2) ...
#5 42.19 Selecting previously unselected package libiec61883-0:amd64.
#5 42.19 Preparing to unpack .../235-libiec61883-0_1.2.0-7_amd64.deb ...
#5 42.20 Unpacking libiec61883-0:amd64 (1.2.0-7) ...
#5 42.25 Selecting previously unselected package libjack-jackd2-0:amd64.
#5 42.25 Preparing to unpack .../236-libjack-jackd2-0_1.9.22~dfsg-4_amd64.deb ...
#5 42.26 Unpacking libjack-jackd2-0:amd64 (1.9.22~dfsg-4) ...
#5 42.31 Selecting previously unselected package libopenal-data.
#5 42.32 Preparing to unpack .../237-libopenal-data_1%3a1.24.2-1_all.deb ...
#5 42.32 Unpacking libopenal-data (1:1.24.2-1) ...
#5 42.38 Selecting previously unselected package libopenal1:amd64.
#5 42.39 Preparing to unpack .../238-libopenal1_1%3a1.24.2-1_amd64.deb ...
#5 42.39 Unpacking libopenal1:amd64 (1:1.24.2-1) ...
#5 42.47 Selecting previously unselected package libwayland-client0:amd64.
#5 42.47 Preparing to unpack .../239-libwayland-client0_1.23.1-3_amd64.deb ...
#5 42.48 Unpacking libwayland-client0:amd64 (1.23.1-3) ...
#5 42.53 Selecting previously unselected package libdecor-0-0:amd64.
#5 42.54 Preparing to unpack .../240-libdecor-0-0_0.2.2-2_amd64.deb ...
#5 42.54 Unpacking libdecor-0-0:amd64 (0.2.2-2) ...
#5 42.60 Selecting previously unselected package libwayland-cursor0:amd64.
#5 42.60 Preparing to unpack .../241-libwayland-cursor0_1.23.1-3_amd64.deb ...
#5 42.61 Unpacking libwayland-cursor0:amd64 (1.23.1-3) ...
#5 42.66 Selecting previously unselected package libwayland-egl1:amd64.
#5 42.67 Preparing to unpack .../242-libwayland-egl1_1.23.1-3_amd64.deb ...
#5 42.67 Unpacking libwayland-egl1:amd64 (1.23.1-3) ...
#5 42.73 Selecting previously unselected package libxcursor1:amd64.
#5 42.73 Preparing to unpack .../243-libxcursor1_1%3a1.2.3-1_amd64.deb ...
#5 42.73 Unpacking libxcursor1:amd64 (1:1.2.3-1) ...
#5 42.79 Selecting previously unselected package libxi6:amd64.
#5 42.79 Preparing to unpack .../244-libxi6_2%3a1.8.2-1_amd64.deb ...
#5 42.80 Unpacking libxi6:amd64 (2:1.8.2-1) ...
#5 42.85 Selecting previously unselected package xkb-data.
#5 42.85 Preparing to unpack .../245-xkb-data_2.42-1_all.deb ...
#5 42.86 Unpacking xkb-data (2.42-1) ...
#5 42.97 Selecting previously unselected package libxkbcommon0:amd64.
#5 42.98 Preparing to unpack .../246-libxkbcommon0_1.7.0-2_amd64.deb ...
#5 42.98 Unpacking libxkbcommon0:amd64 (1.7.0-2) ...
#5 43.04 Selecting previously unselected package libxrandr2:amd64.
#5 43.05 Preparing to unpack .../247-libxrandr2_2%3a1.5.4-1+b3_amd64.deb ...
#5 43.05 Unpacking libxrandr2:amd64 (2:1.5.4-1+b3) ...
#5 43.12 Selecting previously unselected package x11-common.
#5 43.12 Preparing to unpack .../248-x11-common_1%3a7.7+24+deb13u1_all.deb ...
#5 43.13 Unpacking x11-common (1:7.7+24+deb13u1) ...
#5 43.19 Selecting previously unselected package libxss1:amd64.
#5 43.19 Preparing to unpack .../249-libxss1_1%3a1.2.3-1+b3_amd64.deb ...
#5 43.20 Unpacking libxss1:amd64 (1:1.2.3-1+b3) ...
#5 43.26 Selecting previously unselected package libsdl2-2.0-0:amd64.
#5 43.26 Preparing to unpack .../250-libsdl2-2.0-0_2.32.4+dfsg-1_amd64.deb ...
#5 43.27 Unpacking libsdl2-2.0-0:amd64 (2.32.4+dfsg-1) ...
#5 43.37 Selecting previously unselected package libxcb-shape0:amd64.
#5 43.37 Preparing to unpack .../251-libxcb-shape0_1.17.0-2+b1_amd64.deb ...
#5 43.37 Unpacking libxcb-shape0:amd64 (1.17.0-2+b1) ...
#5 43.43 Selecting previously unselected package libxv1:amd64.
#5 43.43 Preparing to unpack .../252-libxv1_2%3a1.0.11-1.1+b3_amd64.deb ...
#5 43.44 Unpacking libxv1:amd64 (2:1.0.11-1.1+b3) ...
#5 43.50 Selecting previously unselected package libavdevice61:amd64.
#5 43.50 Preparing to unpack .../253-libavdevice61_7%3a7.1.4-0+deb13u1_amd64.deb ...
#5 43.51 Unpacking libavdevice61:amd64 (7:7.1.4-0+deb13u1) ...
#5 43.56 Selecting previously unselected package ffmpeg.
#5 43.56 Preparing to unpack .../254-ffmpeg_7%3a7.1.4-0+deb13u1_amd64.deb ...
#5 43.57 Unpacking ffmpeg (7:7.1.4-0+deb13u1) ...
#5 43.65 Selecting previously unselected package libsasl2-modules-db:amd64.
#5 43.65 Preparing to unpack .../255-libsasl2-modules-db_2.1.28+dfsg1-9_amd64.deb ...
#5 43.66 Unpacking libsasl2-modules-db:amd64 (2.1.28+dfsg1-9) ...
#5 43.71 Selecting previously unselected package libsasl2-2:amd64.
#5 43.71 Preparing to unpack .../256-libsasl2-2_2.1.28+dfsg1-9_amd64.deb ...
#5 43.72 Unpacking libsasl2-2:amd64 (2.1.28+dfsg1-9) ...
#5 43.78 Selecting previously unselected package libldap2:amd64.
#5 43.78 Preparing to unpack .../257-libldap2_2.6.10+dfsg-1_amd64.deb ...
#5 43.79 Unpacking libldap2:amd64 (2.6.10+dfsg-1) ...
#5 43.85 Selecting previously unselected package libnghttp2-14:amd64.
#5 43.86 Preparing to unpack .../258-libnghttp2-14_1.64.0-1.1+deb13u1_amd64.deb ...
#5 43.86 Unpacking libnghttp2-14:amd64 (1.64.0-1.1+deb13u1) ...
#5 43.92 Selecting previously unselected package libnghttp3-9:amd64.
#5 43.92 Preparing to unpack .../259-libnghttp3-9_1.8.0-1_amd64.deb ...
#5 43.93 Unpacking libnghttp3-9:amd64 (1.8.0-1) ...
#5 43.99 Selecting previously unselected package libngtcp2-16:amd64.
#5 43.99 Preparing to unpack .../260-libngtcp2-16_1.11.0-1+deb13u1_amd64.deb ...
#5 44.00 Unpacking libngtcp2-16:amd64 (1.11.0-1+deb13u1) ...
#5 44.06 Selecting previously unselected package libngtcp2-crypto-gnutls8:amd64.
#5 44.06 Preparing to unpack .../261-libngtcp2-crypto-gnutls8_1.11.0-1+deb13u1_amd64.deb ...
#5 44.07 Unpacking libngtcp2-crypto-gnutls8:amd64 (1.11.0-1+deb13u1) ...
#5 44.12 Selecting previously unselected package libpsl5t64:amd64.
#5 44.12 Preparing to unpack .../262-libpsl5t64_0.21.2-1.1+b1_amd64.deb ...
#5 44.13 Unpacking libpsl5t64:amd64 (0.21.2-1.1+b1) ...
#5 44.19 Selecting previously unselected package librtmp1:amd64.
#5 44.19 Preparing to unpack .../263-librtmp1_2.4+20151223.gitfa8646d.1-2+b5_amd64.deb ...
#5 44.20 Unpacking librtmp1:amd64 (2.4+20151223.gitfa8646d.1-2+b5) ...
#5 44.26 Selecting previously unselected package libssh2-1t64:amd64.
#5 44.26 Preparing to unpack .../264-libssh2-1t64_1.11.1-1_amd64.deb ...
#5 44.27 Unpacking libssh2-1t64:amd64 (1.11.1-1) ...
#5 44.33 Selecting previously unselected package libcurl3t64-gnutls:amd64.
#5 44.33 Preparing to unpack .../265-libcurl3t64-gnutls_8.14.1-2+deb13u3_amd64.deb ...
#5 44.34 Unpacking libcurl3t64-gnutls:amd64 (8.14.1-2+deb13u3) ...
#5 44.40 Selecting previously unselected package liberror-perl.
#5 44.40 Preparing to unpack .../266-liberror-perl_0.17030-1_all.deb ...
#5 44.40 Unpacking liberror-perl (0.17030-1) ...
#5 44.45 Selecting previously unselected package git-man.
#5 44.45 Preparing to unpack .../267-git-man_1%3a2.47.3-0+deb13u1_all.deb ...
#5 44.46 Unpacking git-man (1:2.47.3-0+deb13u1) ...
#5 44.55 Selecting previously unselected package git.
#5 44.55 Preparing to unpack .../268-git_1%3a2.47.3-0+deb13u1_amd64.deb ...
#5 44.56 Unpacking git (1:2.47.3-0+deb13u1) ...
#5 44.85 Setting up libgme0:amd64 (0.6.3-7+b2) ...
#5 44.88 Setting up libchromaprint1:amd64 (1.5.1-7) ...
#5 44.90 Setting up libhwy1t64:amd64 (1.2.0-2+b2) ...
#5 44.92 Setting up libexpat1:amd64 (2.7.1-2) ...
#5 44.94 Setting up libgraphite2-3:amd64 (1.3.14-2+b1) ...
#5 44.96 Setting up liblcms2-2:amd64 (2.16-2+deb13u2) ...
#5 44.98 Setting up libpixman-1-0:amd64 (0.44.0-3) ...
#5 45.00 Setting up libdvdread8t64:amd64 (6.1.3-2) ...
#5 45.02 Setting up libudfread0:amd64 (1.1.2-1+b2) ...
#5 45.04 Setting up libnorm1t64:amd64 (1.5.9+dfsg-3.1+b2) ...
#5 45.06 Setting up libsharpyuv0:amd64 (1.5.0-0.1) ...
#5 45.08 Setting up libwayland-server0:amd64 (1.23.1-3) ...
#5 45.10 Setting up libaom3:amd64 (3.12.1-1) ...
#5 45.13 Setting up libpciaccess0:amd64 (0.17-3+b3) ...
#5 45.15 Setting up librabbitmq4:amd64 (0.15.0-1) ...
#5 45.17 Setting up libxau6:amd64 (1:1.0.11-1) ...
#5 45.19 Setting up libxdmcp6:amd64 (1:1.1.5-1) ...
#5 45.21 Setting up libraw1394-11:amd64 (2.1.2-2+b2) ...
#5 45.23 Setting up libkeyutils1:amd64 (1.6.3-6) ...
#5 45.25 Setting up libxcb1:amd64 (1.17.0-2+b1) ...
#5 45.27 Setting up libsodium23:amd64 (1.0.18-1+deb13u1) ...
#5 45.29 Setting up libxcb-xfixes0:amd64 (1.17.0-2+b1) ...
#5 45.31 Setting up libogg0:amd64 (1.3.5-3+b2) ...
#5 45.33 Setting up liblerc4:amd64 (4.0.0+ds-5) ...
#5 45.35 Setting up libspeex1:amd64 (1.2.1-3) ...
#5 45.37 Setting up libshine3:amd64 (3.1.1-2+b2) ...
#5 45.39 Setting up libvpl2 (1:2.14.0-1+b1) ...
#5 45.41 Setting up libx264-164:amd64 (2:0.164.3108+git31e19f9-2+b1) ...
#5 45.43 Setting up libtwolame0:amd64 (0.4.0-2+b2) ...
#5 45.45 Setting up libdatrie1:amd64 (0.2.13-3+b1) ...
#5 45.47 Setting up libgdbm-compat4t64:amd64 (1.24-2) ...
#5 45.50 Setting up libgsm1:amd64 (1.0.22-1+b2) ...
#5 45.52 Setting up libxcb-render0:amd64 (1.17.0-2+b1) ...
#5 45.54 Setting up libzix-0-0:amd64 (0.6.2-1) ...
#5 45.56 Setting up libglvnd0:amd64 (1.7.0-1+b2) ...
#5 45.58 Setting up libcodec2-1.2:amd64 (1.2.0-3) ...
#5 45.60 Setting up libxcb-glx0:amd64 (1.17.0-2+b1) ...
#5 45.62 Setting up libbrotli1:amd64 (1.1.0-2+b7) ...
#5 45.64 Setting up libedit2:amd64 (3.1-20250104-1) ...
#5 45.66 Setting up libgdk-pixbuf2.0-common (2.42.12+dfsg-4+deb13u1) ...
#5 45.68 Setting up libmysofa1:amd64 (1.3.3+dfsg-1) ...
#5 45.70 Setting up libxcb-shape0:amd64 (1.17.0-2+b1) ...
#5 45.72 Setting up binutils-common:amd64 (2.44-3) ...
#5 45.74 Setting up x11-common (1:7.7+24+deb13u1) ...
#5 45.90 debconf: unable to initialize frontend: Dialog
#5 45.90 debconf: (TERM is not set, so the dialog frontend is not usable.)
#5 45.90 debconf: falling back to frontend: Readline
#5 45.91 debconf: unable to initialize frontend: Readline
#5 45.91 debconf: (This frontend requires a controlling tty.)
#5 45.91 debconf: falling back to frontend: Teletype
#5 45.91 debconf: unable to initialize frontend: Teletype
#5 45.91 debconf: (This frontend requires a controlling tty.)
#5 45.91 debconf: falling back to frontend: Noninteractive
#5 45.92 invoke-rc.d: could not determine current runlevel
#5 45.93 invoke-rc.d: policy-rc.d denied execution of start.
#5 45.94 Setting up libsensors-config (1:3.6.2-2) ...
#5 45.97 Setting up libnghttp2-14:amd64 (1.64.0-1.1+deb13u1) ...
#5 45.99 Setting up libcdio19t64:amd64 (2.2.0-4.1~deb13u1) ...
#5 46.01 Setting up libdeflate0:amd64 (1.23-2) ...
#5 46.03 Setting up linux-libc-dev (6.12.90-2) ...
#5 46.05 Setting up libctf-nobfd0:amd64 (2.44-3) ...
#5 46.07 Setting up xkb-data (2.42-1) ...
#5 46.09 Setting up libxcb-shm0:amd64 (1.17.0-2+b1) ...
#5 46.12 Setting up libcom-err2:amd64 (1.47.2-3+b11) ...
#5 46.14 Setting up libmpg123-0t64:amd64 (1.32.10-1+deb13u1) ...
#5 46.16 Setting up libgomp1:amd64 (14.2.0-19) ...
#5 46.18 Setting up libcjson1:amd64 (1.7.18-3.1+deb13u1) ...
#5 46.20 Setting up libxvidcore4:amd64 (2:1.3.7-1+b2) ...
#5 46.22 Setting up bzip2 (1.0.8-6) ...
#5 46.24 Setting up libjbig0:amd64 (2.1-6.1+b2) ...
#5 46.26 Setting up libsframe1:amd64 (2.44-3) ...
#5 46.28 Setting up libelf1t64:amd64 (0.192-4) ...
#5 46.30 Setting up libjansson4:amd64 (2.14-2+b3) ...
#5 46.32 Setting up libsnappy1v5:amd64 (1.2.2-1) ...
#5 46.34 Setting up libcdio-cdda2t64:amd64 (10.2+2.0.2-1+b1) ...
#5 46.36 Setting up libkrb5support0:amd64 (1.21.3-5+deb13u1) ...
#5 46.38 Setting up libsasl2-modules-db:amd64 (2.1.28+dfsg1-9) ...
#5 46.41 Setting up libxcb-present0:amd64 (1.17.0-2+b1) ...
#5 46.43 Setting up libasound2-data (1.2.14-1) ...
#5 46.45 Setting up libpgm-5.3-0t64:amd64 (5.3.128~dfsg-2.1+b1) ...
#5 46.47 Setting up libtheoraenc1:amd64 (1.2.0~alpha1+dfsg-6) ...
#5 46.49 Setting up libz3-4:amd64 (4.13.3-1) ...
#5 46.51 Setting up libblas3:amd64 (3.12.1-6) ...
#5 46.53 update-alternatives: using /usr/lib/x86_64-linux-gnu/blas/libblas.so.3 to provide /usr/lib/x86_64-linux-gnu/libblas.so.3 (libblas.so.3-x86_64-linux-gnu) in auto mode
#5 46.54 Setting up rpcsvc-proto (1.4.3-1) ...
#5 46.57 Setting up libasound2t64:amd64 (1.2.14-1) ...
#5 46.59 Setting up libjpeg62-turbo:amd64 (1:2.1.5-4) ...
#5 46.61 Setting up libslang2:amd64 (2.3.3-5+b2) ...
#5 46.63 Setting up libva2:amd64 (2.22.0-3) ...
#5 46.65 Setting up libx11-data (2:1.8.12-1) ...
#5 46.67 Setting up make (4.4.1-2) ...
#5 46.71 Setting up libsvtav1enc2:amd64 (2.3.0+dfsg-1) ...
#5 46.73 Setting up libmpfr6:amd64 (4.2.2-1) ...
#5 46.75 Setting up libxcb-sync1:amd64 (1.17.0-2+b1) ...
#5 46.77 Setting up libdbus-1-3:amd64 (1.16.2-2) ...
#5 46.79 Setting up xz-utils (5.8.1-1) ...
#5 46.81 update-alternatives: using /usr/bin/xz to provide /usr/bin/lzma (lzma) in auto mode
#5 46.81 update-alternatives: warning: skip creation of /usr/share/man/man1/lzma.1.gz because associated file /usr/share/man/man1/xz.1.gz (of link group lzma) doesn't exist
#5 46.81 update-alternatives: warning: skip creation of /usr/share/man/man1/unlzma.1.gz because associated file /usr/share/man/man1/unxz.1.gz (of link group lzma) doesn't exist
#5 46.81 update-alternatives: warning: skip creation of /usr/share/man/man1/lzcat.1.gz because associated file /usr/share/man/man1/xzcat.1.gz (of link group lzma) doesn't exist
#5 46.81 update-alternatives: warning: skip creation of /usr/share/man/man1/lzmore.1.gz because associated file /usr/share/man/man1/xzmore.1.gz (of link group lzma) doesn't exist
#5 46.81 update-alternatives: warning: skip creation of /usr/share/man/man1/lzless.1.gz because associated file /usr/share/man/man1/xzless.1.gz (of link group lzma) doesn't exist
#5 46.81 update-alternatives: warning: skip creation of /usr/share/man/man1/lzdiff.1.gz because associated file /usr/share/man/man1/xzdiff.1.gz (of link group lzma) doesn't exist
#5 46.81 update-alternatives: warning: skip creation of /usr/share/man/man1/lzcmp.1.gz because associated file /usr/share/man/man1/xzcmp.1.gz (of link group lzma) doesn't exist
#5 46.81 update-alternatives: warning: skip creation of /usr/share/man/man1/lzgrep.1.gz because associated file /usr/share/man/man1/xzgrep.1.gz (of link group lzma) doesn't exist
#5 46.81 update-alternatives: warning: skip creation of /usr/share/man/man1/lzegrep.1.gz because associated file /usr/share/man/man1/xzegrep.1.gz (of link group lzma) doesn't exist
#5 46.81 update-alternatives: warning: skip creation of /usr/share/man/man1/lzfgrep.1.gz because associated file /usr/share/man/man1/xzfgrep.1.gz (of link group lzma) doesn't exist
#5 46.82 Setting up libfribidi0:amd64 (1.0.16-1) ...
#5 46.84 Setting up libopus0:amd64 (1.5.2-2) ...
#5 46.86 Setting up libquadmath0:amd64 (14.2.0-19) ...
#5 46.88 Setting up libp11-kit0:amd64 (0.25.5-3) ...
#5 46.90 Setting up libcdio-paranoia2t64:amd64 (10.2+2.0.2-1+b1) ...
#5 46.93 Setting up libunistring5:amd64 (1.3-2) ...
#5 46.95 Setting up fonts-dejavu-mono (2.37-8) ...
#5 47.00 Setting up libpng16-16t64:amd64 (1.6.48-1+deb13u5) ...
#5 47.02 Setting up libmpc3:amd64 (1.3.1-1+b3) ...
#5 47.04 Setting up libatomic1:amd64 (14.2.0-19) ...
#5 47.06 Setting up libvorbis0a:amd64 (1.3.7-3) ...
#5 47.08 Setting up patch (2.8-2) ...
#5 47.10 Setting up fonts-dejavu-core (2.37-8) ...
#5 47.19 Setting up libflac14:amd64 (1.5.0+ds-2) ...
#5 47.21 Setting up libsensors5:amd64 (1:3.6.2-2) ...
#5 47.23 Setting up libk5crypto3:amd64 (1.21.3-5+deb13u1) ...
#5 47.25 Setting up libfftw3-double3:amd64 (3.3.10-2+b1) ...
#5 47.27 Setting up libsasl2-2:amd64 (2.1.28+dfsg1-9) ...
#5 47.29 Setting up libgfortran5:amd64 (14.2.0-19) ...
#5 47.31 Setting up libvulkan1:amd64 (1.4.309.0-1) ...
#5 47.33 Setting up libnghttp3-9:amd64 (1.8.0-1) ...
#5 47.35 Setting up libwebp7:amd64 (1.5.0-0.1) ...
#5 47.38 Setting up libubsan1:amd64 (14.2.0-19) ...
#5 47.40 Setting up libnuma1:amd64 (2.0.19-1) ...
#5 47.42 Setting up libvidstab1.1:amd64 (1.1.0-2+b2) ...
#5 47.44 Setting up libvpx9:amd64 (1.15.0-2.1+deb13u1) ...
#5 47.46 Setting up libflite1:amd64 (2.2-7) ...
#5 47.48 Setting up libdav1d7:amd64 (1.5.1-1) ...
#5 47.50 Setting up perl-modules-5.40 (5.40.1-6) ...
#5 47.52 Setting up ocl-icd-libopencl1:amd64 (2.3.3-1) ...
#5 47.54 Setting up libasyncns0:amd64 (0.8-6+b5) ...
#5 47.56 Setting up libxshmfence1:amd64 (1.3.3-1) ...
#5 47.58 Setting up libhwasan0:amd64 (14.2.0-19) ...
#5 47.60 Setting up libcrypt-dev:amd64 (1:4.4.38-1) ...
#5 47.63 Setting up libtiff6:amd64 (4.7.0-3+deb13u2) ...
#5 47.65 Setting up libbs2b0:amd64 (3.1.0+dfsg-8+b1) ...
#5 47.67 Setting up libxcb-randr0:amd64 (1.17.0-2+b1) ...
#5 47.69 Setting up librav1e0.7:amd64 (0.7.1-9+b2) ...
#5 47.71 Setting up libasan8:amd64 (14.2.0-19) ...
#5 47.73 Setting up libtasn1-6:amd64 (4.20.0-2) ...
#5 47.75 Setting up libzimg2:amd64 (3.0.5+ds1-1+b2) ...
#5 47.77 Setting up libopenjp2-7:amd64 (2.5.3-2.1~deb13u2) ...
#5 47.79 Setting up git-man (1:2.47.3-0+deb13u1) ...
#5 47.81 Setting up libx11-6:amd64 (2:1.8.12-1) ...
#5 47.83 Setting up libopenal-data (1:1.24.2-1) ...
#5 47.86 Setting up libthai-data (0.1.29-2) ...
#5 47.88 Setting up libngtcp2-16:amd64 (1.11.0-1+deb13u1) ...
#5 47.90 Setting up libkrb5-3:amd64 (1.21.3-5+deb13u1) ...
#5 47.92 Setting up libunibreak6:amd64 (6.1-3) ...
#5 47.94 Setting up libwayland-egl1:amd64 (1.23.1-3) ...
#5 47.96 Setting up libusb-1.0-0:amd64 (2:1.0.28-1) ...
#5 47.98 Setting up libmbedcrypto16:amd64 (3.6.5-0.1~deb13u1) ...
#5 48.00 Setting up libssh2-1t64:amd64 (1.11.1-1) ...
#5 48.02 Setting up libtsan2:amd64 (14.2.0-19) ...
#5 48.04 Setting up libbinutils:amd64 (2.44-3) ...
#5 48.07 Setting up libisl23:amd64 (0.27-1) ...
#5 48.09 Setting up libc-dev-bin (2.41-12+deb13u3) ...
#5 48.11 Setting up libx265-215:amd64 (4.1-2) ...
#5 48.13 Setting up libsamplerate0:amd64 (0.2.2-4+b2) ...
#5 48.15 Setting up libwebpmux3:amd64 (1.5.0-0.1) ...
#5 48.17 Setting up libdrm-common (2.4.124-2) ...
#5 48.19 Setting up libjxl0.11:amd64 (0.11.2-0.1~deb13u1) ...
#5 48.21 Setting up libxml2:amd64 (2.12.7+dfsg+really2.9.14-2.1+deb13u2) ...
#5 48.23 Setting up libcc1-0:amd64 (14.2.0-19) ...
#5 48.25 Setting up libldap2:amd64 (2.6.10+dfsg-1) ...
#5 48.27 Setting up libzvbi-common (0.2.44-1) ...
#5 48.29 Setting up liblsan0:amd64 (14.2.0-19) ...
#5 48.31 Setting up libmp3lame0:amd64 (3.100-6+b3) ...
#5 48.33 Setting up libitm1:amd64 (14.2.0-19) ...
#5 48.36 Setting up libvorbisenc2:amd64 (1.3.7-3) ...
#5 48.38 Setting up libdvdnav4:amd64 (6.1.1-3+b1) ...
#5 48.40 Setting up libiec61883-0:amd64 (1.2.0-7) ...
#5 48.42 Setting up libserd-0-0:amd64 (0.32.4-1) ...
#5 48.44 Setting up libxkbcommon0:amd64 (1.7.0-2) ...
#5 48.48 Setting up libwayland-client0:amd64 (1.23.1-3) ...
#5 48.50 Setting up libctf0:amd64 (2.44-3) ...
#5 48.52 Setting up libavc1394-0:amd64 (0.5.4-5+b2) ...
#5 48.54 Setting up libxcb-dri3-0:amd64 (1.17.0-2+b1) ...
#5 48.56 Setting up libllvm19:amd64 (1:19.1.7-3+b1) ...
#5 48.58 Setting up libx11-xcb1:amd64 (2:1.8.12-1) ...
#5 48.60 Setting up liblapack3:amd64 (3.12.1-6) ...
#5 48.62 update-alternatives: using /usr/lib/x86_64-linux-gnu/lapack/liblapack.so.3 to provide /usr/lib/x86_64-linux-gnu/liblapack.so.3 (liblapack.so.3-x86_64-linux-gnu) in auto mode
#5 48.63 Setting up libcaca0:amd64 (0.99.beta20-5) ...
#5 48.65 Setting up libzvbi0t64:amd64 (0.2.44-1) ...
#5 48.67 Setting up libxrender1:amd64 (1:0.9.12-1) ...
#5 48.69 Setting up libsoxr0:amd64 (0.1.3-4+b2) ...
#5 48.71 Setting up fontconfig-config (2.15.0-2.3) ...
#5 48.79 debconf: unable to initialize frontend: Dialog
#5 48.79 debconf: (TERM is not set, so the dialog frontend is not usable.)
#5 48.79 debconf: falling back to frontend: Readline
#5 48.80 debconf: unable to initialize frontend: Readline
#5 48.80 debconf: (This frontend requires a controlling tty.)
#5 48.80 debconf: falling back to frontend: Teletype
#5 48.80 debconf: unable to initialize frontend: Teletype
#5 48.80 debconf: (This frontend requires a controlling tty.)
#5 48.80 debconf: falling back to frontend: Noninteractive
#5 48.84 Setting up libxext6:amd64 (2:1.3.4-1+b3) ...
#5 48.87 Setting up libidn2-0:amd64 (2.3.8-2) ...
#5 48.89 Setting up libopenal1:amd64 (1:1.24.2-1) ...
#5 48.91 Setting up libxxf86vm1:amd64 (1:1.1.4-1+b4) ...
#5 48.93 Setting up librist4:amd64 (0.2.11+dfsg-1) ...
#5 48.95 Setting up libperl5.40:amd64 (5.40.1-6) ...
#5 48.97 Setting up libthai0:amd64 (0.1.29-2+b1) ...
#5 48.99 Setting up libvorbisfile3:amd64 (1.3.7-3) ...
#5 49.01 Setting up perl (5.40.1-6) ...
#5 49.04 Setting up libglib2.0-0t64:amd64 (2.84.4-3~deb13u3) ...
#5 49.06 No schema files found: doing nothing.
#5 49.07 Setting up libgprofng0:amd64 (2.44-3) ...
#5 49.09 Setting up libfreetype6:amd64 (2.13.3+dfsg-1+deb13u1) ...
#5 49.11 Setting up libxfixes3:amd64 (1:6.0.0-2+b4) ...
#5 49.13 Setting up shared-mime-info (2.4-5+b2) ...
#5 52.70 Setting up libplacebo349:amd64 (7.349.0-3) ...
#5 52.72 Setting up libdc1394-25:amd64 (2.2.6-5) ...
#5 52.74 Setting up libxv1:amd64 (2:1.0.11-1.1+b3) ...
#5 52.76 Setting up libgssapi-krb5-2:amd64 (1.21.3-5+deb13u1) ...
#5 52.78 Setting up libxrandr2:amd64 (2:1.5.4-1+b3) ...
#5 52.80 Setting up cpp-14-x86-64-linux-gnu (14.2.0-19) ...
#5 52.83 Setting up libdpkg-perl (1.22.22) ...
#5 52.85 Setting up libssh-4:amd64 (0.11.2-1+deb13u1) ...
#5 52.87 Setting up cpp-14 (14.2.0-19) ...
#5 52.89 Setting up librubberband2:amd64 (3.3.0+dfsg-2+b3) ...
#5 52.91 Setting up libjack-jackd2-0:amd64 (1.9.22~dfsg-4) ...
#5 52.93 Setting up libdrm2:amd64 (2.4.124-2) ...
#5 52.95 Setting up libva-drm2:amd64 (2.22.0-3) ...
#5 52.97 Setting up libvdpau1:amd64 (1.5-3+b1) ...
#5 53.00 Setting up libsord-0-0:amd64 (0.16.18-1) ...
#5 53.02 Setting up libwayland-cursor0:amd64 (1.23.1-3) ...
#5 53.04 Setting up libsratom-0-0:amd64 (0.6.18-1) ...
#5 53.06 Setting up libdecor-0-0:amd64 (0.2.2-2) ...
#5 53.08 Setting up libc6-dev:amd64 (2.41-12+deb13u3) ...
#5 53.10 Setting up libharfbuzz0b:amd64 (10.2.0-1+deb13u1) ...
#5 53.12 Setting up libgdk-pixbuf-2.0-0:amd64 (2.42.12+dfsg-4+deb13u1) ...
#5 53.16 Setting up libxss1:amd64 (1:1.2.3-1+b3) ...
#5 53.18 Setting up libfontconfig1:amd64 (2.15.0-2.3) ...
#5 53.20 Setting up libsndfile1:amd64 (1.2.2-2+deb13u1) ...
#5 53.22 Setting up libgcc-14-dev:amd64 (14.2.0-19) ...
#5 53.24 Setting up libbluray2:amd64 (1:1.3.4-1+b2) ...
#5 53.26 Setting up libva-x11-2:amd64 (2.22.0-3) ...
#5 53.28 Setting up libstdc++-14-dev:amd64 (14.2.0-19) ...
#5 53.30 Setting up liblilv-0-0:amd64 (0.24.26-1) ...
#5 53.32 Setting up libopenmpt0t64:amd64 (0.7.13-1+b1) ...
#5 53.34 Setting up binutils-x86-64-linux-gnu (2.44-3) ...
#5 53.36 Setting up libdrm-amdgpu1:amd64 (2.4.124-2) ...
#5 53.39 Setting up cpp-x86-64-linux-gnu (4:14.2.0-1) ...
#5 53.41 Setting up libgnutls30t64:amd64 (3.8.9-3+deb13u4) ...
#5 53.43 Setting up fontconfig (2.15.0-2.3) ...
#5 53.44 Regenerating fonts cache... done.
#5 55.47 Setting up libzmq5:amd64 (4.3.5-1+b3) ...
#5 55.49 Setting up libxi6:amd64 (2:1.8.2-1) ...
#5 55.52 Setting up libpulse0:amd64 (17.0+dfsg1-2+b1) ...
#5 55.56 Setting up libxcursor1:amd64 (1:1.2.3-1) ...
#5 55.61 Setting up libpango-1.0-0:amd64 (1.56.3-1) ...
#5 55.69 Setting up libdrm-intel1:amd64 (2.4.124-2) ...
#5 55.71 Setting up libpsl5t64:amd64 (0.21.2-1.1+b1) ...
#5 55.73 Setting up binutils (2.44-3) ...
#5 55.76 Setting up libavutil59:amd64 (7:7.1.4-0+deb13u1) ...
#5 55.78 Setting up libcairo2:amd64 (1.18.4-1+b1) ...
#5 55.80 Setting up dpkg-dev (1.22.22) ...
#5 55.83 Setting up libpostproc58:amd64 (7:7.1.4-0+deb13u1) ...
#5 55.85 Setting up liberror-perl (0.17030-1) ...
#5 55.87 Setting up libsphinxbase3t64:amd64 (0.8+5prealpha+1-21+b1) ...
#5 55.89 Setting up libswresample5:amd64 (7:7.1.4-0+deb13u1) ...
#5 55.91 Setting up libswscale8:amd64 (7:7.1.4-0+deb13u1) ...
#5 55.93 Setting up libass9:amd64 (1:0.17.3-1+b1) ...
#5 55.95 Setting up libtheoradec1:amd64 (1.2.0~alpha1+dfsg-6) ...
#5 55.97 Setting up librtmp1:amd64 (2.4+20151223.gitfa8646d.1-2+b5) ...
#5 55.99 Setting up libsrt1.5-gnutls:amd64 (1.5.4-1) ...
#5 56.03 Setting up cpp (4:14.2.0-1) ...
#5 56.06 Setting up libcairo-gobject2:amd64 (1.18.4-1+b1) ...
#5 56.08 Setting up gcc-14-x86-64-linux-gnu (14.2.0-19) ...
#5 56.11 Setting up libpangoft2-1.0-0:amd64 (1.56.3-1) ...
#5 56.13 Setting up libngtcp2-crypto-gnutls8:amd64 (1.11.0-1+deb13u1) ...
#5 56.15 Setting up libpangocairo-1.0-0:amd64 (1.56.3-1) ...
#5 56.17 Setting up mesa-libgallium:amd64 (25.0.7-2) ...
#5 56.19 Setting up gcc-x86-64-linux-gnu (4:14.2.0-1) ...
#5 56.21 Setting up libgbm1:amd64 (25.0.7-2) ...
#5 56.23 Setting up libgl1-mesa-dri:amd64 (25.0.7-2) ...
#5 56.26 Setting up libcurl3t64-gnutls:amd64 (8.14.1-2+deb13u3) ...
#5 56.28 Setting up gcc-14 (14.2.0-19) ...
#5 56.30 Setting up librsvg2-2:amd64 (2.60.0+dfsg-1) ...
#5 56.32 Setting up libpocketsphinx3:amd64 (0.8+5prealpha+1-15+b4) ...
#5 56.34 Setting up libavcodec61:amd64 (7:7.1.4-0+deb13u1) ...
#5 56.36 Setting up git (1:2.47.3-0+deb13u1) ...
#5 56.39 Setting up g++-14-x86-64-linux-gnu (14.2.0-19) ...
#5 56.41 Setting up g++-x86-64-linux-gnu (4:14.2.0-1) ...
#5 56.43 Setting up g++-14 (14.2.0-19) ...
#5 56.46 Setting up libsdl2-2.0-0:amd64 (2.32.4+dfsg-1) ...
#5 56.48 Setting up libglx-mesa0:amd64 (25.0.7-2) ...
#5 56.50 Setting up libglx0:amd64 (1.7.0-1+b2) ...
#5 56.52 Setting up libavformat61:amd64 (7:7.1.4-0+deb13u1) ...
#5 56.54 Setting up gcc (4:14.2.0-1) ...
#5 56.58 Setting up libgl1:amd64 (1.7.0-1+b2) ...
#5 56.60 Setting up libavfilter10:amd64 (7:7.1.4-0+deb13u1) ...
#5 56.62 Setting up g++ (4:14.2.0-1) ...
#5 56.63 update-alternatives: using /usr/bin/g++ to provide /usr/bin/c++ (c++) in auto mode
#5 56.64 Setting up build-essential (12.12) ...
#5 56.66 Setting up libavdevice61:amd64 (7:7.1.4-0+deb13u1) ...
#5 56.68 Setting up ffmpeg (7:7.1.4-0+deb13u1) ...
#5 56.71 Processing triggers for libc-bin (2.41-12+deb13u3) ...
#5 DONE 57.2s

#6 [internal] load .dockerignore
#6 transferring context: 2B done
#6 DONE 0.1s

#7 [3/5] RUN python -m pip install --upgrade pip setuptools wheel     && sh -lc "pip install --index-url https://download.pytorch.org/whl/cu128 torch==2.8.0+cu128 torchaudio==2.8.0+cu128"     && pip install fastapi==0.136.3 uvicorn==0.48.0 python-multipart==0.0.29 soundfile     && git clone --filter=blob:none "https://github.com/k2-fsa/OmniVoice.git" /tmp/omnivoice-src     && cd /tmp/omnivoice-src     && git fetch --depth 1 origin "refs/pull/71/head"     && git checkout FETCH_HEAD     && pip install /tmp/omnivoice-src     && rm -rf /tmp/omnivoice-src
#7 1.229 Requirement already satisfied: pip in /usr/local/lib/python3.12/site-packages (25.0.1)
#7 0.582 Collecting pip
#7 -0.739   Downloading pip-26.1.2-py3-none-any.whl.metadata (4.6 kB)
#7 -0.475 Collecting setuptools
#7 -0.412   Downloading setuptools-82.0.1-py3-none-any.whl.metadata (6.5 kB)
#7 -0.328 Collecting wheel
#7 -0.258   Downloading wheel-0.47.0-py3-none-any.whl.metadata (2.3 kB)
#7 -0.180 Collecting packaging>=24.0 (from wheel)
#7 -0.127   Downloading packaging-26.2-py3-none-any.whl.metadata (3.5 kB)
#7 -0.061 Downloading pip-26.1.2-py3-none-any.whl (1.8 MB)
#7 0.250    ÔöüÔöüÔöüÔöüÔöüÔöüÔöüÔöüÔöüÔöüÔöüÔöüÔöüÔöüÔöüÔöüÔöüÔöüÔöüÔöüÔöüÔöüÔöüÔöüÔöüÔöüÔöüÔöüÔöüÔöüÔöüÔöüÔöüÔöüÔöüÔöüÔöüÔöüÔöüÔöü 1.8/1.8 MB 8.8 MB/s eta 0:00:00
#7 0.303 Downloading setuptools-82.0.1-py3-none-any.whl (1.0 MB)
#7 0.386    ÔöüÔöüÔöüÔöüÔöüÔöüÔöüÔöüÔöüÔöüÔöüÔöüÔöüÔöüÔöüÔöüÔöüÔöüÔöüÔöüÔöüÔöüÔöüÔöüÔöüÔöüÔöüÔöüÔöüÔöüÔöüÔöüÔöüÔöüÔöüÔöüÔöüÔöüÔöüÔöü 1.0/1.0 MB 12.6 MB/s eta 0:00:00
#7 0.438 Downloading wheel-0.47.0-py3-none-any.whl (32 kB)
#7 0.495 Downloading packaging-26.2-py3-none-any.whl (100 kB)
#7 0.519 Installing collected packages: setuptools, pip, packaging, wheel
#7 0.979   Attempting uninstall: pip
#7 0.980     Found existing installation: pip 25.0.1
#7 1.009     Uninstalling pip-25.0.1:
#7 1.199       Successfully uninstalled pip-25.0.1
#7 1.924 Successfully installed packaging-26.2 pip-26.1.2 setuptools-82.0.1 wheel-0.47.0
#7 1.924 WARNING: Running pip as the 'root' user can result in broken permissions and conflicting behaviour with the system package manager, possibly rendering your system unusable. It is recommended to use a virtual environment instead: https://pip.pypa.io/warnings/venv. Use the --root-user-action option if you know what you are doing and want to suppress this warning.
#7 2.847 Looking in indexes: https://download.pytorch.org/whl/cu128
#7 3.518 Collecting torch==2.8.0+cu128
#7 3.744   Downloading torch-2.8.0%2Bcu128-cp312-cp312-manylinux_2_28_x86_64.whl.metadata (30 kB)
#7 4.379 Collecting torchaudio==2.8.0+cu128
#7 4.412   Downloading torchaudio-2.8.0%2Bcu128-cp312-cp312-manylinux_2_28_x86_64.whl.metadata (7.2 kB)
#7 4.925 Collecting filelock (from torch==2.8.0+cu128)
#7 5.100   Downloading filelock-3.29.0-py3-none-any.whl.metadata (2.0 kB)
#7 5.494 Collecting typing-extensions>=4.10.0 (from torch==2.8.0+cu128)
#7 5.508   Downloading typing_extensions-4.15.0-py3-none-any.whl.metadata (3.3 kB)
#7 5.510 Requirement already satisfied: setuptools in ./usr/local/lib/python3.12/site-packages (from torch==2.8.0+cu128) (82.0.1)
#7 6.000 Collecting sympy>=1.13.3 (from torch==2.8.0+cu128)
#7 6.054   Downloading sympy-1.14.0-py3-none-any.whl.metadata (12 kB)
#7 6.678 Collecting networkx (from torch==2.8.0+cu128)
#7 6.733   Downloading networkx-3.6.1-py3-none-any.whl.metadata (6.8 kB)
#7 6.897 Collecting jinja2 (from torch==2.8.0+cu128)
#7 6.925   Downloading jinja2-3.1.6-py3-none-any.whl.metadata (2.9 kB)
#7 7.448 Collecting fsspec (from torch==2.8.0+cu128)
#7 7.508   Downloading fsspec-2026.4.0-py3-none-any.whl.metadata (10 kB)
#7 7.911 Collecting nvidia-cuda-nvrtc-cu12==12.8.93 (from torch==2.8.0+cu128)
#7 8.095   Downloading nvidia_cuda_nvrtc_cu12-12.8.93-py3-none-manylinux2010_x86_64.manylinux_2_12_x86_64.whl (88.0 MB)
#7 15.32      ÔöüÔöüÔöüÔöüÔöüÔöüÔöüÔöüÔöüÔöüÔöüÔöüÔöüÔöüÔöüÔöüÔöüÔöüÔöüÔöüÔöüÔöüÔöüÔöüÔöüÔöüÔöüÔöüÔöüÔöüÔöüÔöüÔöüÔöüÔöüÔöüÔöüÔöüÔöüÔöü 88.0/88.0 MB 12.3 MB/s  0:00:07
#7 15.77 Collecting nvidia-cuda-runtime-cu12==12.8.90 (from torch==2.8.0+cu128)
#7 15.83   Downloading nvidia_cuda_runtime_cu12-12.8.90-py3-none-manylinux2014_x86_64.manylinux_2_17_x86_64.whl (954 kB)
#7 15.92      ÔöüÔöüÔöüÔöüÔöüÔöüÔöüÔöüÔöüÔöüÔöüÔöüÔöüÔöüÔöüÔöüÔöüÔöüÔöüÔöüÔöüÔöüÔöüÔöüÔöüÔöüÔöüÔöüÔöüÔöüÔöüÔöüÔöüÔöüÔöüÔöüÔöüÔöüÔöüÔöü 954.8/954.8 kB 11.1 MB/s  0:00:00
#7 16.32 Collecting nvidia-cuda-cupti-cu12==12.8.90 (from torch==2.8.0+cu128)
#7 16.41   Downloading nvidia_cuda_cupti_cu12-12.8.90-py3-none-manylinux2014_x86_64.manylinux_2_17_x86_64.whl (10.2 MB)
#7 17.25      ÔöüÔöüÔöüÔöüÔöüÔöüÔöüÔöüÔöüÔöüÔöüÔöüÔöüÔöüÔöüÔöüÔöüÔöüÔöüÔöüÔöüÔöüÔöüÔöüÔöüÔöüÔöüÔöüÔöüÔöüÔöüÔöüÔöüÔöüÔöüÔöüÔöüÔöüÔöüÔöü 10.2/10.2 MB 12.2 MB/s  0:00:00
#7 17.77 Collecting nvidia-cudnn-cu12==9.10.2.21 (from torch==2.8.0+cu128)
#7 17.82   Downloading nvidia_cudnn_cu12-9.10.2.21-py3-none-manylinux_2_27_x86_64.whl (706.8 MB)
#7 ...

#8 [internal] load build context
#8 transferring context: 12.38kB done
#8 DONE 0.1s

#7 [3/5] RUN python -m pip install --upgrade pip setuptools wheel     && sh -lc "pip install --index-url https://download.pytorch.org/whl/cu128 torch==2.8.0+cu128 torchaudio==2.8.0+cu128"     && pip install fastapi==0.136.3 uvicorn==0.48.0 python-multipart==0.0.29 soundfile     && git clone --filter=blob:none "https://github.com/k2-fsa/OmniVoice.git" /tmp/omnivoice-src     && cd /tmp/omnivoice-src     && git fetch --depth 1 origin "refs/pull/71/head"     && git checkout FETCH_HEAD     && pip install /tmp/omnivoice-src     && rm -rf /tmp/omnivoice-src
#7 69.72      ÔöüÔöüÔöüÔöüÔöüÔöüÔöüÔöüÔöüÔöüÔöüÔöüÔöüÔöüÔöüÔöüÔöüÔöüÔöüÔöüÔöüÔöüÔöüÔöüÔöüÔöüÔöüÔöüÔöüÔöüÔöüÔöüÔöüÔöüÔöüÔöüÔöüÔöüÔöüÔöü 706.8/706.8 MB 12.5 MB/s  0:00:57
#7 70.46 Collecting nvidia-cublas-cu12==12.8.4.1 (from torch==2.8.0+cu128)
#7 70.50   Downloading nvidia_cublas_cu12-12.8.4.1-py3-none-manylinux_2_27_x86_64.whl (594.3 MB)
#7 114.0      ÔöüÔöüÔöüÔöüÔöüÔöüÔöüÔöüÔöüÔöüÔöüÔöüÔöüÔöüÔöüÔöüÔöüÔöüÔöüÔöüÔöüÔöüÔöüÔöüÔöüÔöüÔöüÔöüÔöüÔöüÔöüÔöüÔöüÔöüÔöüÔöüÔöüÔöüÔöüÔöü 594.3/594.3 MB 12.3 MB/s  0:00:48
#7 114.6 Collecting nvidia-cufft-cu12==11.3.3.83 (from torch==2.8.0+cu128)
#7 114.7   Downloading nvidia_cufft_cu12-11.3.3.83-py3-none-manylinux2014_x86_64.manylinux_2_17_x86_64.whl (193.1 MB)
#7 130.1      ÔöüÔöüÔöüÔöüÔöüÔöüÔöüÔöüÔöüÔöüÔöüÔöüÔöüÔöüÔöüÔöüÔöüÔöüÔöüÔöüÔöüÔöüÔöüÔöüÔöüÔöüÔöüÔöüÔöüÔöüÔöüÔöüÔöüÔöüÔöüÔöüÔöüÔöüÔöüÔöü 193.1/193.1 MB 12.5 MB/s  0:00:15
#7 130.6 Collecting nvidia-curand-cu12==10.3.9.90 (from torch==2.8.0+cu128)
#7 130.9   Downloading nvidia_curand_cu12-10.3.9.90-py3-none-manylinux_2_27_x86_64.whl (63.6 MB)
#7 136.1      ÔöüÔöüÔöüÔöüÔöüÔöüÔöüÔöüÔöüÔöüÔöüÔöüÔöüÔöüÔöüÔöüÔöüÔöüÔöüÔöüÔöüÔöüÔöüÔöüÔöüÔöüÔöüÔöüÔöüÔöüÔöüÔöüÔöüÔöüÔöüÔöüÔöüÔöüÔöüÔöü 63.6/63.6 MB 12.2 MB/s  0:00:05
#7 136.6 Collecting nvidia-cusolver-cu12==11.7.3.90 (from torch==2.8.0+cu128)
#7 136.6   Downloading nvidia_cusolver_cu12-11.7.3.90-py3-none-manylinux_2_27_x86_64.whl (267.5 MB)
